Smart Contract,Analyze Time Auditor,LLM Tokens Auditor,Analyze Time Critic,LLM Tokens Critic,Analyze Time Ranker,LLM Tokens Ranker
0x024b77a5205733bc1cf283b0442be8ecab88803a.sol,12.047281980514526,3279.0,8.453195810317993,1667.0,0.0004038810729980469,
0x57acbe7bf11b8a4584403cc900e230a18a7ab138.sol,19.228217601776123,1616.0,7.321106910705566,1857.0,0.0001862049102783203,
0x62b01d0aeb16656aff7a7632c3a61c8b069a8928.sol,14.615065097808838,1329.0,9.646535873413086,1833.0,0.00018072128295898438,
0x0eb65b4c3d3de340e1b15384f8f211784247a37a.sol,16.843113660812378,9021.0,12.82706904411316,1815.0,0.0001804828643798828,
0x0f99d989df7017d7bb27bffb3f12c6b035863980.sol,27.123889923095703,9859.0,8.980573415756226,2085.0,0.0001876354217529297,
0x08759550264b7f8078d95eff8a0577001c833483.sol,13.84870672225952,5532.0,9.029534816741943,1763.0,0.0001838207244873047,
0x0acbcc45dde258b18c11b16b06bdc64fd91913ac.sol,13.020222902297974,1896.0,7.1154961585998535,1686.0,0.00017952919006347656,
0x132e2b67e91bf0294536b16d772e8dee099fc40c.sol,25.758917093276978,3270.0,7.540643215179443,2150.0,0.00019288063049316406,
0x475de1f3e1ba5aeefc9fc694852c8fce59b353a1.sol,11.425552129745483,871.0,7.689571380615234,1706.0,0.00018835067749023438,
0xa5629861c9c345f50221996ef852fd9665eb1c05.sol,12.317026615142822,1882.0,10.280955076217651,1887.0,0.00021147727966308594,
0xe2d8337423519a95eb38d6bce22ea5e8784e79d5.sol,10.991155624389648,1027.0,12.896246910095217,1580.0,0.00019288063049316406,
0x0c073c92e7684031cfc297b83ecc33619e864d18.sol,20.139895915985107,10146.0,12.26582098007202,1993.0,0.00021195411682128906,
0x530a9cceee0c45f58229ae5c256e414e6df957ad.sol,17.798964023590088,2127.0,9.079286336898804,1924.0,0.00020623207092285156,
0x193c4c0bdf474efe82a56e530f70af58810cf74d.sol,21.042674779891968,4936.0,7.600121974945068,2084.0,0.00021147727966308594,
0x143eea4413231878f58dc812b3dc6f22835a5dd6.sol,11.38516116142273,879.0,12.319769382476808,1635.0,0.00021600723266601562,
0x1056f5436dc817e28a24c509ff26f5912b837214.sol,16.01083207130432,2737.0,7.265874862670898,1794.0,0.00021648406982421875,
0x099764910a38190bbd317857e635e6f461b11119.sol,12.810633420944214,1829.0,8.097963094711304,1857.0,0.000225067138671875,
0x950ad688ade27bcaa6e890e9d86ba5a9293f4d8c.sol,12.160987377166748,1011.0,7.019387722015381,1670.0,0.00021600723266601562,
0x95e7ab2a7a120ceac7bcdb945367e41ff106e3cf.sol,9.676282167434692,715.0,9.38238000869751,1654.0,0.00022125244140625,
0x025cd28d7ef83e1c2ffe511d5f9290d54ba5dcf0.sol,30.43167519569397,6387.0,8.613389492034912,2325.0,0.00023317337036132812,
0x10bbbebacd34509b1388a528003dbb77c20b22ba.sol,18.14215850830078,11756.0,6.954321622848511,1859.0,0.00023412704467773438,
0x09a80172ed7335660327cd664876b5df6fe06108.sol,24.369450330734253,5067.0,6.699454784393311,2113.0,0.0002465248107910156,
0x0719feee345bf34877d0a1f2c1c40fcdf0f1c3e8.sol,24.11918520927429,9866.0,11.079545497894289,2247.0,0.00024390220642089844,
0xd012717342c0a7a24b840605fe7756f6094c9570.sol,26.51140069961548,4089.0,9.475780010223389,2402.0,0.000255584716796875,
0x8c73696a453f67ea5b7e5f2cd58ca0ad72ecaaeb.sol,12.09795308113098,1944.0,12.820990800857544,1800.0,0.0002505779266357422,
0x7e433aee8090ee2c8ee3e6aaedfde1b76d776ace.sol,9.232357263565063,1159.0,10.373574495315552,1694.0,0.00024890899658203125,
0x2b4a6831931175b0afb39adff9c43350500bded3.sol,21.64282727241516,6833.0,16.72212862968445,2131.0,0.00026106834411621094,
0x07f86ba2f0e6c421a3ecb233068117e65228ac6b.sol,22.349522352218628,8484.0,11.458927392959597,1940.0,0.0002593994140625,
0x09f6a183dc0375ccf8032c367881f3aafb5342ef.sol,13.1921489238739,1935.0,11.854610204696655,1697.0,0.0002532005310058594,
0x644417f540bf96fd218287454501b2eb13c83295.sol,20.538997411727905,1099.0,13.88742733001709,1836.0,0.00027108192443847656,
0x0cb0a2136f2e80662eb5c50b96bfa3de85f335ce.sol,12.942497491836548,2857.0,9.956870555877686,1807.0,0.0002703666687011719,
0x237ebdb70cd9b35be854ce92350b6afcbb90078d.sol,15.967723369598389,981.0,11.980120420455933,1907.0,0.0002734661102294922,
0x00fe8ef58dc8282cac6e1d275acf0821c5084e88.sol,26.27229070663452,2870.0,9.89647364616394,1757.0,0.0002899169921875,
0x0608d0d987ca8371af38fa0b6e028760110b987e.sol,22.970574378967285,1488.0,11.337724447250366,2079.0,0.00027942657470703125,
0x07a6ebf8549dd5cfdf201f6de9e7487113434dd7.sol,18.71114134788513,3095.0,9.126386642456056,1941.0,0.0002846717834472656,
0x0544ada225de796baa4030877314a96faacea7fc.sol,12.135332345962524,8600.0,9.345593690872192,1837.0,0.0002865791320800781,
0x23ed5bd2dbf560926312cad48653a027af0b6e11.sol,16.64766001701355,7951.0,10.642443418502808,1826.0,0.0002987384796142578,
0x9accb8fe0d9df53ce0040bc78d1294e1f55dcc88.sol,11.352280855178831,1402.0,7.8044350147247314,1714.0,0.00029349327087402344,
0xf145cc0345f95d45ea5fda21ef8abd1b824cbe0d.sol,18.894255876541138,3186.0,11.26770544052124,1873.0,0.0003006458282470703,
0x30f85ebcfac9f6dd69503955e95ab7f55fa3fdec.sol,19.1066210269928,1609.0,10.917717456817629,1745.0,0.00029349327087402344,
0x3c9bdc41ef0c823a43bd16fe2392a9217dc70215.sol,32.52751874923706,4508.0,7.815643310546875,2070.0,0.00030517578125,
0x00b6358d1ac8d3731defd6b4d593b6ba04f9b8ea.sol,37.69598412513733,6858.0,10.59448504447937,2467.0,0.00031495094299316406,
0x13d8faf4a690f5ae52e2d2c52938d1167057b9af.sol,47.68191027641296,7109.0,14.096616744995115,3028.0,0.00034046173095703125,
0xb25cef763846fe25185de5cf970fdf2ac13fc16d.sol,12.10406255722046,1090.0,12.581364154815674,1658.0,0.00031447410583496094,
0x595677bac1d68074c4f7b93bb6654156466a66b0.sol,15.977416038513184,1179.0,10.246301889419556,1811.0,0.0003170967102050781,
0x3848d38145ef835b7570768dbc98a3d8ceb46cd5.sol,18.73536992073059,5921.0,6.967326402664185,1978.0,0.000316619873046875,
0x25ad23adf5da60190d5f44297ab7d7ab147ad9db.sol,16.44724941253662,7257.0,7.126561641693115,1872.0,0.0003154277801513672,
0x01911afa1a3d64d52451a22cb265fc34f596f425.sol,11.357616186141968,1704.0,7.619098663330078,1739.0,0.0003190040588378906,
0x0a16d08b57afe4e0e323eba83e0282b07c2ed1f1.sol,26.46583652496338,7033.0,10.299680471420288,2290.0,0.000324249267578125,
0x372bf2843c4e4e2f6f7fba9e2e6dbe6adf2b760f.sol,15.606374740600586,5153.0,9.468132734298706,1744.0,0.00031948089599609375,
0x62a03c868c959386b2df7f266e79bc711fb92398.sol,18.673799753189087,1504.0,10.445340394973757,1819.0,0.00032711029052734375,
0xc4529ea3f838a7e27a673a87bfe844a5b8b1e4e2.sol,15.818769216537476,1196.0,16.998257637023926,1723.0,0.0003311634063720703,
0xea9c15f733ee4cd9e24c97bdddd66077a757b474.sol,13.023859977722168,1240.0,11.347966194152832,1666.0,0.0003287792205810547,
0x1104080b3ca1f766a33c16aa890465d1a63e5078.sol,27.96764278411865,10277.0,6.690629959106445,2069.0,0.00034236907958984375,
0x190956a704fbb70f0acce8338870771d17654952.sol,53.16558003425598,5811.0,8.819337606430054,2640.0,0.00036072731018066406,
0xde7c2911cac44d5949cbe80b0c7d38f7a476cbad.sol,11.295377492904665,1040.0,8.662071228027344,1690.0,0.0003364086151123047,
0xfcc74ab9a02d55b9b1d0c378547a6bcfad7597c9.sol,15.440632581710815,1636.0,12.75745153427124,1902.0,0.000347137451171875,
0x2cf5694906bdd80f33bac7cb80183f1c61bc5be2.sol,15.729668378829956,5323.0,9.662500858306885,1863.0,0.00034928321838378906,
0x675c807fe3cf4fcc51b5c739b4bb910b0009ccb1.sol,10.768939018249512,1150.0,7.771334648132324,1641.0,0.00034332275390625,
0x62500ad71aa50744bbd4917d1a64938897e952bf.sol,9.718236446380615,963.0,12.616486310958862,1750.0,0.0003478527069091797,
0x08715190074e24cf2145e8a61b784a1b5ac9a505.sol,14.078826904296877,7404.0,10.901435375213625,1865.0,0.00035834312438964844,
0x41021442eab722c0a52c61738550faabfd0fca4e.sol,14.302197694778442,1334.0,9.446210384368896,1929.0,0.00036716461181640625,
0x147aa9ada01b70c4c8c8b89b06afe767908aced7.sol,13.990660905838013,8288.0,9.46989107131958,1822.0,0.00036525726318359375,
0xaa3f3485b5a009b34308707aa8e4c6f6c8e4dd49.sol,14.846367120742798,1487.0,10.33402943611145,1861.0,0.0003705024719238281,
0x097a5e3d974332aa5612675caaaeb117091dc743.sol,8.049443006515503,5033.0,8.250559091567993,1724.0,0.0003674030303955078,
0x82cc62a5441c4df93acf0d2cf63e25060289e847.sol,9.28672742843628,692.0,9.733594179153442,1641.0,0.00036978721618652344,
0x03fb31bb6def4dd3a7ea3b0fa6bdecc940e75795.sol,19.096699476242065,5161.0,9.455359935760498,1938.0,0.00039196014404296875,
0x3775876e537df71b60061151b39bcfb638f832f5.sol,31.448718070983887,10179.0,10.768818378448486,2310.0,0.0003859996795654297,
0x352dbba201af66f98a47f2b280bff45f9050dbf8.sol,7.5918285846710205,1478.0,7.326590538024902,1651.0,0.0003781318664550781,
0x82a9187ad010f85678b6f96b3d6f3a579ab640fb.sol,13.926188945770264,1143.0,14.691681623458862,1831.0,0.00039005279541015625,
0x1c57481dc2e2b987b2f012e9d3cc4cbbecd7c116.sol,10.46655011177063,6965.0,12.458942413330078,1627.0,0.00038552284240722656,
0x0003ed19f80564745e84b4cc411a7b6be4f0cf31.sol,14.852076053619385,4468.0,10.771323680877686,1846.0,0.00039958953857421875,
0x108523415a8cd7cb8ef2d6b12177181f489ec210.sol,17.626049041748047,6052.0,12.385629892349243,1969.0,0.00040411949157714844,
0x254be9060f72d70bf6e264b496b691a98733251e.sol,9.290504693984984,765.0,12.202349424362184,1726.0,0.00039839744567871094,
0xc64fd3ff188c4f1f1e34bbff54f67d8c88175696.sol,9.576287746429443,3630.0,12.656113624572754,1653.0,0.00041103363037109375,
0x2cc6ca9c3023a6a876fd54a03f68281c7aad0e8b.sol,11.82015061378479,5609.0,10.072357892990112,1712.0,0.0004227161407470703,
0xd5967fed03e85d1cce44cab284695b41bc675b5c.sol,13.707310438156128,875.0,13.946471691131592,1823.0,0.00041413307189941406,
0x04797c1ae852a31665d8e512ddae33e6044ef39d.sol,24.843119859695435,4440.0,12.56262493133545,1872.0,0.0004115104675292969,
0x0d95bc0c758ae70141fc95345a7164a4c6e1df15.sol,18.879473209381104,6575.0,17.71124839782715,1870.0,0.00041937828063964844,
0x3967f481031f78a3fcbfe5c6a1079ec9f8426432.sol,13.340516805648804,915.0,11.98076057434082,1729.0,0.00041675567626953125,
0x71aaf9dc418e9dde76aee42e431fc203d9cfd0c2.sol,14.73490834236145,1535.0,8.660934925079346,1775.0,0.00042557716369628906,
0x1a84f41c5a0f3ac34e0fb5fef6ff84be81242fce.sol,12.455963850021362,5221.0,8.967123746871948,1757.0,0.0004184246063232422,
0xe4e28bfd45969218a2af311ee10e80846f7b2fdc.sol,15.474725246429443,1383.0,12.304141759872437,1914.0,0.0004324913024902344,
0x15ed8dcd6d5d7c9e66a28cb70673389a5dc4fcf5.sol,34.632715463638306,16975.0,7.588623285293579,2108.0,0.0004360675811767578,
0x652729577d5c5a13060f81c256aa79adb264f188.sol,15.713273286819458,1899.0,7.762651205062866,1947.0,0.00043511390686035156,
0x35d7bbe9012b5a93ecdc5eef53ab9d143542abc7.sol,17.836620092391968,7031.0,9.182320833206177,1861.0,0.00044274330139160156,
0x0e24224484c7e445438ae9ed9b03a0108ad798f2.sol,31.863825798034668,5405.0,10.16458821296692,2480.0,0.00041961669921875,
0x051bda85fbc58ace9d6060ba9488abe120ac072d.sol,23.49393630027771,10006.0,9.297806024551392,2130.0,0.00046634674072265625,
0x7a5c92aa4deff4f784a7149e26ba96e77f3f0635.sol,14.050538063049316,856.0,8.20105504989624,1720.0,0.00044655799865722656,
0x0c78003843b4a72b765938cb3b14aecb188dbc6a.sol,19.238272190094,14504.0,8.187953233718872,1850.0,0.0004534721374511719,
0x308af1c4759dcb9f2ac2accdcd301862702df40f.sol,17.735262155532837,2758.0,13.842876672744753,1923.0,0.0004565715789794922,
0x28d673424398fd5de64133d4e64487c495a724f5.sol,6.87613582611084,554.0,9.215699911117554,1562.0,0.0004506111145019531,
0x60de9d9b062595cf10bc3fbf9ed5a6104befe882.sol,12.713231801986694,899.0,9.571738481521606,1683.0,0.0004627704620361328,
0x29aa20fb9b23421e310bdb8a7cfb81d7fbb4a1b3.sol,26.59772038459778,2564.0,13.142850875854492,1999.0,0.00046825408935546875,
0x58ed44f46c279f30fd0a0724d3fed4bc18b11bb0.sol,12.527636289596558,1310.0,11.669139385223389,1739.0,0.0004687309265136719,
0x91d7e5895f7a635ba8bdce9e2be544e5e527135f.sol,11.544344186782835,1036.0,11.72214961051941,1746.0,0.00046944618225097656,
0x2c125240e472e752bcfd1627ff7632b6c5265b2e.sol,14.526689291000366,2647.0,14.18636703491211,1894.0,0.0004763603210449219,
0x88355a32a8c5cc399aa09b9d21ebcba935ae5d2f.sol,12.645946264266968,1702.0,13.241119623184204,1693.0,0.000476837158203125,
0x0d7e1053924599ceac270d3a28b839282781ecec.sol,13.743717908859251,2518.0,9.17896294593811,1965.0,0.0004839897155761719,
0x730f8c40a08d02349a2d64e3193cf207a2a2dfe7.sol,9.113443374633787,914.0,10.638796329498293,1676.0,0.00048160552978515625,
0x047b957bb18534b4e4add20c101cb5791f12d112.sol,16.62207818031311,7885.0,9.378525257110596,1701.0,0.0004830360412597656,
0xa1e4608ff6b4b9324c6472eee2efebd20a20bbe8.sol,13.300902128219604,1331.0,8.083044052124023,1745.0,0.0004947185516357422,
0xc7bd5dac314a67a375a0347d72797c2ea1f1a672.sol,17.792153358459473,1247.0,10.868731260299684,1798.0,0.0004928112030029297,
0x092e038af43a42e0332810db3f50b923fb256ff0.sol,23.5474910736084,1864.0,8.739394664764404,2024.0,0.0004980564117431641,
0x14c7f742d9a2fe6fe13fafbc1cb24be74ac5708d.sol,11.405048608779907,1778.0,7.83122992515564,1768.0,0.0004985332489013672,
0xacb8a40073d0a7e041b29381debcafc2b538cd7c.sol,9.811382532119753,1220.0,9.200780153274536,1771.0,0.0005095005035400391,
0x0d75899cab4eec7b22b5bf3d4dd4d965ada8a8cb.sol,11.874467372894289,6218.0,8.547200679779053,1737.0,0.0005116462707519531,
0x00dd5ad8f5d9c5118bceeb526c55ea6b2c07e922.sol,10.655380010604858,7589.0,8.620292901992798,1735.0,0.0005168914794921875,
0xd518db222f37f9109db8e86e2789186c7e340f12.sol,7.283310413360596,903.0,9.168220043182371,1638.0,0.0005109310150146484,
0x40da24a66f729d0bd0453681c5a6506bdc2a7a6a.sol,8.39093804359436,3577.0,11.98924469947815,1695.0,0.0005137920379638672,
0x2229e2da4406fbe856ca9414035eb97d739808b2.sol,9.92790460586548,4038.0,9.752024173736572,1778.0,0.0005259513854980469,
0xf1add8bf553d0066be17768d6816f3730c476237.sol,12.56635046005249,1753.0,9.349776983261108,1940.0,0.0005252361297607422,
0x0208a9ffc97a6e96f050087ae1c9f7a2bdd3f5b0.sol,12.129135608673096,3796.0,8.653243064880371,1697.0,0.0005407333374023438,
0x0dd1326b7b80107f002ba16dad7fe2dd22f00491.sol,9.09771966934204,1066.0,10.854150772094728,1734.0,0.0005335807800292969,
0x465cd6299775dc459a23c80997d2664656be9780.sol,43.90149807929993,4465.0,9.236233949661257,2603.0,0.0005447864532470703,
0x1da73fc09ea07781482994036a0eecc7e6952dfb.sol,9.241803646087646,1878.0,8.802611112594604,1737.0,0.0005395412445068359,
0x1ba35631c69a1363769d2b3e4a9d5c7020b3e520.sol,23.05350422859192,8313.0,7.897064685821533,2207.0,0.0005674362182617188,
0x0030f75e27f6df16383f47ae11ae34abc21f5f2c.sol,28.76152968406677,8293.0,8.934548377990723,2522.0,0.0005550384521484375,
0x1806b3527c18fb532c46405f6f014c1f381b499a.sol,20.714077472686768,9726.0,8.3360595703125,1962.0,0.0005555152893066406,
0x126bf7880a9597e2760380d44d147c90cd75ee39.sol,17.57691192626953,6679.0,8.2653329372406,1778.0,0.0005524158477783203,
0x505766c3aef3ea43cf7e1bf9620e52607d45885e.sol,17.72853398323059,1330.0,6.082312822341919,1843.0,0.0005533695220947266,
0x0000000000b3f879cb30fe243b4dfee438691c04.sol,9.491446495056152,2064.0,9.363846778869627,1814.0,0.00055694580078125,
0xfae0300c03a1ea898176bcb39f919c559f64f4ff.sol,10.590494632720947,833.0,11.296125888824465,1721.0,0.0005643367767333984,
0x272922870b1b23db61e41f7aa2c6abf976b6a4ab.sol,29.635396242141724,2218.0,10.162484884262083,2433.0,0.0005719661712646484,
0x2934443c1749dcc0cdcabbd77098eea31d2ea6c3.sol,15.013309955596924,13454.0,7.996118545532227,1769.0,0.0005691051483154297,
0x2e6d72d5948c0cb0b9ac1adc2034e16d02cdabda.sol,25.63241720199585,3781.0,13.331794738769531,2250.0,0.0005872249603271484,
0x42db5bfe8828f12f164586af8a992b3a7b038164.sol,11.456848382949827,813.0,11.902083158493042,1668.0,0.0005803108215332031,
0x380e0f015c0a830dc5d25e5f99570ad0be275350.sol,25.2970974445343,1959.0,8.814198017120361,2013.0,0.0005903244018554688,
0x0b452278223d3954f4ac050949d7998e373e7e43.sol,39.804919481277466,7279.0,9.439507722854614,2376.0,0.0005934238433837891,
0x01aa9c6023ce74282aa2705d6cb89cea76a18be3.sol,19.63089942932129,4071.0,7.883522748947143,2123.0,0.0005967617034912109,
0x0af27f9be4ac583a491ee6573ebdccf32d1b561c.sol,21.212549448013306,7418.0,10.625242233276367,2143.0,0.0006017684936523438,
0x887e4f25db63b079dffed24283f0470b0704b8e8.sol,9.413193464279177,842.0,9.30869197845459,1744.0,0.0005934238433837891,
0xbaf51e761510c1a11bf48dd87c0307ac8a8c8a4f.sol,8.75736403465271,868.0,9.770006895065308,1647.0,0.0005950927734375,
0xde39859237f5ff14926b194c3ef72e3213d3c665.sol,14.384244680404665,2367.0,13.216877937316896,2035.0,0.0006182193756103516,
0x50f7c95b7e82ea5e0953de8c7ead20a9dd289ec2.sol,6.944154739379883,1871.0,12.665392875671388,1732.0,0.0006105899810791016,
0xbe4041d55db380c5ae9d4a9b9703f1ed4e7e3888.sol,7.609502792358398,958.0,10.373765230178831,1675.0,0.0005967617034912109,
0x05a4909d737d0a6433335504d25536e12f65a4e5.sol,8.952303886413574,5887.0,8.491593599319458,1810.0,0.0006053447723388672,
0xefcc5dcaba4a93046b5f5c24c1281c685154214c.sol,7.1155173778533936,2021.0,13.799687385559082,1781.0,0.0006151199340820312,
0x6e3c384480e71792948c29e9fc8d7b9c9d75ae8f.sol,7.043732404708862,933.0,9.25444197654724,1722.0,0.0006196498870849609,
0x01490172fd413bb9b74ca73c5df1e245ef14412a.sol,12.786724090576172,9905.0,10.22588324546814,1761.0,0.0006124973297119141,
0x7d09edb07d23acb532a82be3da5c17d9d85806b4.sol,10.710675954818726,1483.0,10.084403038024902,1734.0,0.0006389617919921875,
0x627fa62ccbb1c1b04ffaecd72a53e37fc0e17839.sol,18.73963236808777,919.0,13.101856708526611,1646.0,0.0006208419799804688,
0xb588530e3956d9787b0429244ca360f566ff3301.sol,18.37438130378723,3281.0,8.62884783744812,2001.0,0.0006322860717773438,
0x072668a75ba5a0740582d44c8d55a85aadb0644a.sol,11.875425338745115,5213.0,12.15736699104309,1669.0,0.000629425048828125,
0x2c92744a0428e405e95dc3eb812e1b87872b22eb.sol,15.172403335571287,5106.0,7.770672559738159,1910.0,0.0006480216979980469,
0xecbed48098c4f25a16195c45ddf5fd736e28b14b.sol,12.85505747795105,1350.0,16.453457832336426,1670.0,0.0006384849548339844,
0xaf7aea249098f2c2f50cc11d4000ccf798194373.sol,13.636905431747437,1783.0,14.184419393539429,1857.0,0.0006566047668457031,
0x0ac31bc80e6905bc27f3cdcb66dc38945f2055e2.sol,14.269236326217651,6767.0,9.460806608200071,1802.0,0.0006558895111083984,
0x25067272880fa0e49f1cebc988a2eed8485343a6.sol,10.849199771881104,1042.0,8.843067169189453,1767.0,0.0006551742553710938,
0x8c944c3f4029c14c22b6525ac3155482c2559541.sol,29.920499801635746,1771.0,9.35634708404541,2215.0,0.0006802082061767578,
0x287fda15f8f002e5df9f536f10bbfc0816960f36.sol,11.296051263809204,1631.0,8.918991804122925,1722.0,0.0006611347198486328,
0x1a050d77003caee532df18d04d86b99ca15bf9e8.sol,42.93591833114624,10592.0,7.776643753051758,2620.0,0.0006618499755859375,
0x6a3f85f8a86e7b3de0269c20e9ab066dd57b8e21.sol,8.153841257095337,1400.0,12.8104248046875,1756.0,0.0006630420684814453,
0x009f3de1e8878cda9c2e94a6ce6084d9ca86425c.sol,9.765849351882936,3383.0,9.999103784561155,1835.0,0.0006589889526367188,
0x0eabed78fd49ad3c0a3e445954f29522025c09a0.sol,9.392459869384766,7711.0,7.584899425506592,1814.0,0.0006721019744873047,
0xafc36ac17c5d84504064f944b27292e795d03398.sol,12.348709344863892,1589.0,8.06889820098877,1968.0,0.0006704330444335938,
0x26436e73fdd02adde8ae7ab61fa660d6f7926e6f.sol,8.740967035293579,1893.0,9.038157224655151,1831.0,0.0006909370422363281,
0x0461c4e4b916bfc9449f853c7a854033b43c3a6c.sol,9.823759317398071,3181.0,9.79333996772766,1847.0,0.0006811618804931641,
0x46cefba4dd7512b2449e1ac4b730bfb7f77d1407.sol,10.644471883773804,1569.0,10.07042908668518,1644.0,0.0006802082061767578,
0x38ec125e6271b343d84529e9ca8c2481e3b194e5.sol,19.8361930847168,6369.0,14.0031476020813,1957.0,0.0006885528564453125,
0x4051334adc52057aca763453820cb0e045076ef3.sol,10.458500862121582,933.0,10.49812388420105,1886.0,0.0006890296936035156,
0xc80defd365fbac2dffeddfcb091b99afea6f8408.sol,11.672200918197632,902.0,11.09113311767578,1747.0,0.0006909370422363281,
0x01de5bce5c5ee4f92e8f4183f6f4e4f12f9a86cd.sol,21.787108421325684,8034.0,11.800087690353394,2087.0,0.0007107257843017578,
0xe66888a40b5e6271006e2a0de47cfc70ca0ba4fa.sol,10.07039761543274,1379.0,16.38298273086548,1745.0,0.0007004737854003906,
0x7fe180e63198e50057c3f2817d058e8904c650e3.sol,9.60478377342224,896.0,9.87287712097168,1696.0,0.0007030963897705078,
0xfc560a12fb91c7b743d070e5764b4404de2f4883.sol,14.4082453250885,1592.0,13.137356996536257,1930.0,0.0007069110870361328,
0x8c7777c45481dba411450c228cb692ac3d550344.sol,9.598253965377808,846.0,13.884508609771729,1659.0,0.0007088184356689453,
0xc524079859fd32597f257c175c5f9e239c1dd2db.sol,9.086533069610596,1639.0,8.239524126052856,1652.0,0.0007040500640869141,
0x2d5df43d54ae164a912db8de092cf707b446f693.sol,9.945221662521362,939.0,12.126099586486816,1679.0,0.0007164478302001953,
0x5c430fa24f782cf8156ca97208c42127b17b0494.sol,16.117015600204468,4476.0,14.484525918960571,2059.0,0.0007252693176269531,
0x00e76361d45707507db7bdeb7dd2c0f5c1c3fa6d.sol,19.466015815734863,4314.0,13.366835594177246,2238.0,0.0007345676422119141,
0x01886cabb4a19a89fad686810f2ee60459452cf3.sol,32.569451093673706,11267.0,8.526672840118408,2319.0,0.0007393360137939453,
0x0c2795fc4e1f57614eb78923dc78521ff0676fb8.sol,41.52784609794617,14271.0,11.060425519943236,2564.0,0.0007467269897460938,
0x5f38c57b268664015de387229bc9d3822b53ec32.sol,26.22439980506897,2412.0,11.989206790924072,2039.0,0.0007340908050537109,
0x0654b7f747c9ee9f5fb5eba443e9fe64f1fa77ef.sol,15.72938108444214,3897.0,11.162150382995604,1880.0,0.0007367134094238281,
0x8e3e25958ad448aeb5982a01b63bcb91355d56a5.sol,23.441137075424194,1304.0,9.66589617729187,2037.0,0.0007774829864501953,
0x72f41244e09b3b2f09d9e2f5f1184fa8bd6b4a1e.sol,25.137699842453003,3269.0,9.484134674072266,2309.0,0.0007562637329101562,
0xd72d254737ab0a8de2ac43ba95557885ed13bbfd.sol,11.941319942474363,1330.0,7.698181867599487,1628.0,0.0007352828979492188,
0x99d804f479df333ed4d2287af2d4da3eda1b3cd1.sol,14.36592173576355,929.0,9.059504508972168,1861.0,0.0007455348968505859,
0x0164529a49f0cbdc6dee4aa19d014ff60e1bc1f4.sol,15.754416227340698,5663.0,10.517783880233765,1866.0,0.0007598400115966797,
0x4e73b32ed6c35f570686b89848e5f39f20ecc106.sol,14.2200129032135,876.0,9.29828715324402,1650.0,0.0007536411285400391,
0x4b71ad9c1a84b9b643aa54fdd66e2dec96e8b152.sol,13.407145500183104,834.0,11.567774057388306,1810.0,0.0007584095001220703,
0xb7c5c5aa4d42967efe906e1b66cb8df9cebf04f7.sol,9.562887907028198,695.0,12.860761642456056,1729.0,0.0007696151733398438,
0xab32cdd8d4796f5ae968ac176b3cc54a3200c723.sol,12.502691745758057,1398.0,10.321231126785278,1797.0,0.0007662773132324219,
0xac355d24591c01ad44f8da36ec7629d275a2c6e1.sol,23.94495391845703,5527.0,9.192397832870483,2642.0,0.0007717609405517578,
0x12d82d7cf17d909fb5808707136200ed200b6d52.sol,19.885793447494507,18382.0,12.11884331703186,2227.0,0.0007851123809814453,
0xde1fa94c7fa043fccf3938f47e9911ca584baed4.sol,9.13407301902771,867.0,10.332101106643677,1735.0,0.0007693767547607422,
0xbd8dbefb4e1217e95fa37201c61daf4b57a9fe19.sol,8.683725833892822,833.0,10.840789556503296,1684.0,0.0007836818695068359,
0x16f7767a800eabd16e334e88683d8d0489c8ddbf.sol,9.997962713241575,3044.0,12.756700038909912,1598.0,0.0007970333099365234,
0xfcdd6d4f2cfb7cea900c4a57282cffcf3e41e068.sol,9.055331230163574,1147.0,23.025012731552124,1691.0,0.0007762908935546875,
0x2980b7c0c8e1a2c0bdecff55cde9e3576aaf9eaf.sol,31.94867849349976,5609.0,14.916163444519045,2279.0,0.0007908344268798828,
0x0de3539f225e3431d6a7bbd3495cc2caf19b334c.sol,10.038992404937744,3626.0,12.47223734855652,1762.0,0.0007925033569335938,
0x119f4c9de5539fd053aed5091db4ba59f83330d7.sol,35.27070689201355,9780.0,9.44110655784607,2311.0,0.0008158683776855469,
0x08cce68cfe23bbf13e3151c2a43dcc02623710d6.sol,12.215095520019531,5175.0,8.397322177886963,1771.0,0.0008025169372558594,
0x849019a489c3c26c7a7668e468be81a4d132781f.sol,16.485830783843994,1345.0,11.241410732269289,1812.0,0.00080108642578125,
0x10819fae72282b9a594e34c647a7bc446ef4ad2e.sol,19.028069734573364,4450.0,9.90097451210022,2055.0,0.0008265972137451172,
0x479cbe1f6a7fa4d7e304ae983803c46e85ced870.sol,20.5849883556366,3181.0,13.291735172271729,1988.0,0.0008141994476318359,
0x05af72594440cf75c0fdcbbd9993fc26f62c7afc.sol,24.12423777580261,3748.0,9.545731782913208,2249.0,0.0008149147033691406,
0x049658b3cc6ec345aaf2be7233a33da24ee82150.sol,18.818888425827023,7873.0,9.5505108833313,2122.0,0.0008168220520019531,
0xebbe139afc4f0706cc928311b6748701b6549a31.sol,7.045904636383057,871.0,13.521148204803469,1740.0,0.0008144378662109375,
0x6cd171ef32b2ffa2b54481bea9d72692cd44f053.sol,9.922406911849976,1317.0,10.714336633682253,1855.0,0.0008616447448730469,
0xe2a88ab6dc9da8e017c0a529d731558adc4183d5.sol,7.412142515182495,903.0,9.656455993652344,1743.0,0.0008304119110107422,
0x0d7c864bf6c86bf11da2c8068b4c4edee4d76080.sol,9.254982948303224,1429.0,11.184051513671877,1812.0,0.0008285045623779297,
0xf8a617d786dcb28f5d00f7e81b9f92b0cad617df.sol,8.402633666992188,1366.0,10.281636953353882,1710.0,0.0008399486541748047,
0x1c3f78372a8c3e01970b85e1b26b885803011da3.sol,19.490913152694706,8031.0,11.687761545181274,2289.0,0.000843048095703125,
0x533411c7c401ee3a136ddc7a2fc95d6624c9e041.sol,11.82432246208191,1533.0,11.442954063415527,1793.0,0.0008478164672851562,
0x1d9fe29aec8852d7a32ac26b695c258840feba15.sol,10.160680055618286,1152.0,12.807613134384155,1701.0,0.0008459091186523438,
0x926e81009c2fa4475e1c798a8c43a4f598575c80.sol,18.029542446136475,4061.0,10.4847309589386,1916.0,0.0008544921875,
0x5bb52e85c21ca3df3c71da6d03be19cff89e7cf9.sol,14.03215718269348,915.0,13.97554087638855,1690.0,0.0008561611175537109,
0xd40c2daf2b55fbf5532ddeada3febe738f431dfe.sol,8.579346895217896,1592.0,14.77933382987976,1628.0,0.0008587837219238281,
0x92579f2fa430b20bf6ce9d19938fe061aad992e2.sol,10.246248960494995,1342.0,12.99725103378296,1803.0,0.0008568763732910156,
0xdb8459034fc97eed3d43172909e1d353e9f4d282.sol,9.116431951522827,2120.0,12.54222536087036,1633.0,0.0008418560028076172,
0x7183169973eda16209f66a602f2e27e1303bf414.sol,12.3249409198761,1324.0,11.596484661102297,1730.0,0.0008709430694580078,
0x2463a3f13cea3ea308be5c23cc887fdf205653ea.sol,15.450887680053713,4250.0,11.392141103744509,1781.0,0.0008726119995117188,
0xbd367c347fc8e0a9b2da08717bcc22bb3fd878eb.sol,12.86908769607544,2128.0,11.861307382583618,1711.0,0.0008640289306640625,
0x64b09d1a4b01db659fc36b72de0361f2c6c521b1.sol,12.907841444015505,1644.0,13.112524032592772,1720.0,0.0008618831634521484,
0x00195777bed7025e78819156281192c85fb3cf9b.sol,30.969665050506592,14469.0,13.54071307182312,2505.0,0.0008909702301025391,
0x09ab651217b86d1ee7236e0fad1ebb19185fe769.sol,27.3064181804657,9646.0,18.16211938858032,2446.0,0.0008826255798339844,
0x3085c9403871c00f7fd2e84dac1bdaa05f5f652e.sol,17.48710584640503,4534.0,10.144758224487305,1801.0,0.0008842945098876953,
0x2638a23a9118d5786b6a6529bf3c09c922d3cdad.sol,13.961729288101196,8730.0,14.637328624725342,1987.0,0.0008847713470458984,
0x0b9e8415f47da353ccc7ad58234321f50d49063a.sol,9.979270219802856,4613.0,9.936320304870604,1608.0,0.0009028911590576172,
0x463f235748bc7862deaa04d85b4b16ac8fafef39.sol,7.341397047042847,830.0,13.088542699813845,1592.0,0.0009069442749023438,
0x0881c6bc48b80726ed97cb1c44586cdaf4f4be94.sol,21.95735192298889,8003.0,15.79155731201172,2127.0,0.0009064674377441406,
0x62f49e904af170ea377f399aca76c13ff25a6f5e.sol,18.491724491119385,1622.0,10.353274583816528,1848.0,0.000911712646484375,
0x969f99f3d3cb00d84634ec1ef2b8ba506955b1f7.sol,15.581503868103027,1386.0,9.667038679122925,1747.0,0.0009076595306396484,
0x038b7537fd58d966404be0c7bcec64e6cbeb88a1.sol,16.640305280685425,3738.0,11.560281991958618,1654.0,0.000911712646484375,
0x561eac93c92360949ab1f1403323e6db345cbf31.sol,11.71910810470581,881.0,12.10578155517578,1665.0,0.0009186267852783203,
0xa9b6e2381dee5dd4ea5d6e31e11b3c6f10d35afc.sol,11.897308111190796,1829.0,10.067413330078123,1694.0,0.0009253025054931641,
0x09f5f9413cefd61044db02940540155507bdcc55.sol,14.356463432312012,1620.0,16.520752429962158,1767.0,0.0009150505065917969,
0x4f0499f4da2d75d03fcc2dc2d97ffae976246809.sol,14.250934839248655,1464.0,14.075018882751465,1734.0,0.0009217262268066406,
0x172e09691dfbbc035e37c73b62095caa16ee2388.sol,37.85445976257324,17328.0,11.042415618896484,2424.0,0.0009341239929199219,
0x0efef0b34638addc8833ba729ae20016b5f24ffc.sol,20.98596501350403,2777.0,11.902063369750977,1965.0,0.0009236335754394531,
0x00b25822e3b8f8720b327f2df8e7c6f96271c8dc.sol,20.426217317581177,5504.0,13.867911100387571,1880.0,0.0009644031524658203,
0xd54920cedf704b87342fa26d5773efabf9037a77.sol,19.74837303161621,4162.0,14.439821004867554,1971.0,0.0009348392486572266,
0x2247fdc0e5de91ae589abfab8b99976d8e9f330b.sol,9.16800045967102,1270.0,10.117470741271973,1698.0,0.0009284019470214844,
0xa584c5eaccb5dd4a5c0fc0a785dee952becc4c06.sol,6.382429599761963,774.0,15.215763807296751,1665.0,0.0009562969207763672,
0xd89098a767a3fe39410d6fa7d72b6ebc5eaae247.sol,8.03262209892273,1492.0,12.343947887420654,1746.0,0.000946044921875,
0x37e343f2cc245754595f1ae3656b460c35d636fb.sol,8.843600273132324,2041.0,11.121321201324465,1800.0,0.0009462833404541016,
0x9bf7b6be208672cabbb671a3438c60c1ecb13061.sol,8.055931806564331,1444.0,13.387834548950195,1774.0,0.0009570121765136719,
0x091ac882e57b89e071c8b153be3aab668a80303d.sol,40.05430006980896,7863.0,13.132808446884155,3012.0,0.0009741783142089844,
0x105923fa70412c82452ff75f5e775fb0383ee2fc.sol,15.124089241027832,9047.0,8.66606068611145,1743.0,0.0009450912475585938,
0x2aeee16d8412beabc5f38a6995ee5e4d32ab7f9d.sol,25.564934253692627,3446.0,10.891741037368774,1932.0,0.0009675025939941406,
0x589fbf3d4168518b8b849b7eedfdb719407900ca.sol,10.982743978500366,1502.0,9.721609354019163,1698.0,0.0009739398956298828,
0xe85083dec29ca5287a00a29f667a8c5489cdf297.sol,15.294718742370604,3835.0,11.426262378692629,1789.0,0.0009760856628417969,
0x5d268508179db4da44de9057792758bff280e3ed.sol,13.331689834594728,1042.0,15.850499153137209,1692.0,0.0009641647338867188,
0x00f9e55eb4701f9354946e081970f7b14684b9fd.sol,37.311805725097656,5918.0,8.901396036148071,2282.0,0.0009801387786865234,
0x39c74b1996d2cdbc2c996f2bb414ce316e245417.sol,14.171831369400024,962.0,9.757173776626589,1684.0,0.0009658336639404297,
0x0453aa2dafff030614d9afef6c724ec2bee60876.sol,18.072370767593384,2225.0,11.14811658859253,1933.0,0.0009834766387939453,
0xa97e65fbb5d1f9698a78f55e3a3529a74417ae69.sol,12.22736406326294,1561.0,11.716613054275513,1688.0,0.000972747802734375,
0xec8f9a0de90487e7aa172fe5291fd19ad7163aa1.sol,12.85387086868286,950.0,11.624800682067873,1807.0,0.0009813308715820312,
0xe894d54dca59cb53fe9cbc5155093605c7068220.sol,18.49484658241272,987.0,10.185918807983398,1919.0,0.0010042190551757812,
0xb98de64d4dbe2956e80149e88ce9135bb05e9400.sol,9.833679437637327,1060.0,10.67900562286377,1701.0,0.0009794235229492188,
0x12db622c98d75f6f19493d9acbc7479fe382ec44.sol,6.421699285507202,1420.0,10.659268140792848,1575.0,0.0009949207305908203,
0xad43e8ba48a974e6dc5a385d87fc8cd1fe94a408.sol,11.444119930267334,1109.0,12.062223196029665,1726.0,0.0009891986846923828,
0x5db4364cc0959c224f7898d8188413c1f560cf48.sol,12.009440422058104,996.0,18.12872052192688,1717.0,0.0009980201721191406,
0xab78561558d06ace60f206d9fcaac65bb1cfdee2.sol,7.488250017166138,937.0,24.66367554664612,1671.0,0.0009996891021728516,
0x0a5b38ac2d24c4fafc19ceb2591b70ece0d005d1.sol,25.41768169403076,7749.0,11.08768916130066,2285.0,0.001024484634399414,
0x1963737af12d3649f6f319fb64af2aa29f7256b7.sol,27.794151306152344,5849.0,14.9734206199646,2650.0,0.001010894775390625,
0x5211475520dc4a13fee1cc7c2c0c1167998bcbb8.sol,16.76767373085022,1844.0,19.312816381454468,2026.0,0.0010223388671875,
0x085e64546fe941bbfd1751b99365dab4b2f454fc.sol,21.637847423553467,4056.0,14.442907333374023,1961.0,0.0010194778442382812,
0x00a704f5721fe068a46221ca7293e76b39f92af6.sol,16.1928870677948,3601.0,13.139397382736206,1806.0,0.0010242462158203125,
0x058a144951e062fc14f310057d2fd9ef0cf5095b.sol,20.91765785217285,6884.0,10.650734663009644,1890.0,0.0010187625885009766,
0x4bb12d68c795462c12ec30ad82421218d9c32a7d.sol,20.406415462493896,1376.0,13.127890348434448,1748.0,0.0010099411010742188,
0x43212915c5c01d9ec111d0672e37cc4c4d6f023c.sol,11.99582862854004,879.0,12.79145336151123,1732.0,0.001033782958984375,
0x02dd48ff449f57a4632c39068e0ca0f4325c3a8d.sol,14.076822519302368,952.0,10.695905923843384,1683.0,0.001028299331665039,
0x1d86a854da490ff74dedc7abe281fb468f8c19ee.sol,22.30060577392578,2275.0,9.92340087890625,1879.0,0.0010318756103515625,
0x19b423e5131d8e4996a18e69d0cb99674ba34c21.sol,26.33732581138611,7554.0,10.935178756713867,1917.0,0.0010426044464111328,
0x01b92e2c0d06325089c6fd53c98a214f5c75b2ac.sol,29.310029983520508,7990.0,15.527684211730955,2195.0,0.0010528564453125,
0x19f259affad4eab74ee306f709044b2c8145f692.sol,18.989824771881104,5738.0,15.435357332229614,1912.0,0.0010716915130615234,
0x07f7ecb66d788ab01dc93b9b71a88401de7d0f2e.sol,14.190382480621338,1480.0,15.169240236282349,1710.0,0.0010547637939453125,
0x0bbd9b0dbfd70529c81c71bc550ec6b6ceb98e61.sol,7.87410831451416,5816.0,15.891703844070436,1532.0,0.0010809898376464844,
0xd1265bfe57597840f89971b7e67538bac780f9ad.sol,10.301641941070557,1745.0,8.860291004180908,1657.0,0.0010519027709960938,
0x24a57f642948e36e8f0ce0a4b3b940cbfe14bd4c.sol,17.47417974472046,2174.0,12.472966432571411,2045.0,0.0010645389556884766,
0x05b902c7fd6d221d582bb973fe6e253921568717.sol,21.27657699584961,5898.0,9.369829654693604,2160.0,0.0010693073272705078,
0x064c81842a12127759b85f3b2d261abcacc2bfb0.sol,21.945412397384644,2597.0,10.855565786361694,2198.0,0.0010824203491210938,
0x13d6cfd3b119dadaadd7561fe9a864064259bc56.sol,33.98564434051514,4364.0,11.674597263336182,2522.0,0.0010802745819091797,
0x3a2fd07ec2ad6f355f93af695a7cf858f5967b78.sol,16.864559650421143,1771.0,9.954910278320312,1907.0,0.0010921955108642578,
0x07ef026be5f1452f494e7af1b13a3333d5cd2d23.sol,11.314278602600098,6011.0,8.662728309631348,1599.0,0.0010783672332763672,
0x0041fb383081576f9750c5a9b507180992e1c5da.sol,15.957705974578856,6453.0,15.018279314041138,1762.0,0.0010883808135986328,
0xceffdb3f1aed635e94a0b565239d4353ae44c744.sol,10.236986875534058,908.0,10.134006261825562,1612.0,0.001085519790649414,
0x125365069020439b830c9eac9dd402f8aa762569.sol,25.472980260849,9411.0,13.975074529647827,2318.0,0.0011036396026611328,
0x007d8eedc142d9e14ea3498471c5e884d6249a20.sol,10.237560510635376,3379.0,15.762814998626707,1655.0,0.0010943412780761719,
0x0c8f5a446e8df687dfa460d743cf3fc73a6b1676.sol,18.68623113632202,3012.0,15.518277168273926,1999.0,0.0010967254638671875,
0x04e52df738e0c13bc58d6d75f964381f8d18b1b7.sol,14.52759051322937,5180.0,11.434084415435793,1813.0,0.0011074542999267578,
0x284b0f2f49d072836db87dd25d0623cd2f622bb1.sol,16.006146907806396,2177.0,11.701814651489258,1847.0,0.0011072158813476562,
0x29b6f1f4f6513a6363e32d092bf95319ec5266b9.sol,12.39611315727234,5112.0,10.24092721939087,1690.0,0.0011014938354492188,
0x12bafa32c73c6b7f0c00b36b3ba6d9416b163c59.sol,15.045772790908812,4959.0,10.702338218688965,2109.0,0.0011219978332519531,
0x018a871f4403ecd7be46819789551aaba1331af0.sol,12.222840785980225,3877.0,12.180349826812744,1934.0,0.0011279582977294922,
0xfbe2fff3145e08a21a9d9c8d5f20c01706939647.sol,10.443789720535278,912.0,16.816349267959595,1721.0,0.0011074542999267578,
0x095c3f181cde64ff0d96ec14fba29210f2851fe2.sol,10.129496335983276,4551.0,11.323385953903198,1765.0,0.0011196136474609375,
0xecfe4b7afc47260cb590d3043d3f790a61bb7910.sol,10.346885442733765,1633.0,8.889611959457397,1608.0,0.0011334419250488281,
0x42a4a749123469ca6a8b6ca494b1953076a26ef7.sol,15.086790800094604,1330.0,13.76298451423645,1810.0,0.001134634017944336,
0x11ce3c5ecfa4cc788eaa94157a63a1ca4863a90c.sol,25.047269821166992,6480.0,12.077936172485352,2051.0,0.0011370182037353516,
0x0224853bdff6b04ce259d87303b7523d4e16d656.sol,19.47510004043579,14650.0,14.79087495803833,1869.0,0.0011386871337890625,
0xd67aa6a98e99f979f23bf0da772d113fe6dbe50a.sol,10.983969449996948,1112.0,17.0087730884552,1740.0,0.001140594482421875,
0x9d661f7773be14439b4223f5b516bc7ef67b0369.sol,13.33886456489563,1715.0,12.016891956329346,1797.0,0.0011413097381591797,
0x4c60e311d8fba04e313f7e7b3dec61b3028726d1.sol,19.427143573760983,4770.0,11.874193906784058,1923.0,0.0011501312255859375,
0x0043a4a809be33afa17c1e3e37e19977622e4700.sol,22.52139925956726,7590.0,13.306581020355225,1998.0,0.0011491775512695312,
0x8a1190c9a21ccc195a943ec9ee434620461b46b2.sol,14.145377397537231,5158.0,9.532402276992798,1736.0,0.0011649131774902344,
0xec94d178d97bac527fdcd4b3d4bf41b57d640c5b.sol,15.73438811302185,1388.0,9.7362539768219,1780.0,0.0011487007141113281,
0x71d57fc11e9d85d8ce2b5acc9019af399bf0cbcb.sol,12.38160252571106,1173.0,12.11631965637207,1701.0,0.0011591911315917969,
0x13c34380e14c47cdd089d466396e53f8a0a24442.sol,64.33058786392212,13939.0,10.791415929794312,3224.0,0.0012004375457763672,
0x0a42ef719ee77820993b27369089ae2c6bd6ced5.sol,13.5597882270813,2104.0,11.492363214492798,1844.0,0.0011715888977050781,
0x01f44890160c3963bfa8841aabbb4019245a9205.sol,10.4629168510437,3560.0,10.560666561126707,1598.0,0.0011510848999023438,
0xe7e0bb725a6c1ed81b89042b1d37756b21db4958.sol,16.69170832633972,1826.0,12.619112253189089,2282.0,0.0011663436889648438,
0x00d97facb316f12b64c7ac93405b2d45ed9aa358.sol,12.817050695419312,3625.0,14.683175563812256,1813.0,0.0011777877807617188,
0x25061388ba6886d98110f7355e4f2c5912ae53c8.sol,6.750120401382446,5776.0,9.568893432617188,1640.0,0.0011658668518066406,
0x13ddd5c273a027608a42727a46f8250011645166.sol,9.926214456558228,1750.0,9.170998334884644,1717.0,0.0011737346649169922,
0x25456ad3d45863cecf7039b7628eb8fc913346ad.sol,9.461376428604126,7061.0,10.128146409988403,1665.0,0.001195669174194336,
0xdd654450e2ef8f672ef297ea3ff9aabea2e22840.sol,9.33441686630249,1836.0,13.771073579788208,1767.0,0.0011911392211914062,
0x400e115f1be2b646139c298272a43b2cff2b127e.sol,11.1305992603302,948.0,13.596634864807127,1683.0,0.0011794567108154297,
0x0e82b29a77a53880dd4ee8326cfea9b4c68db638.sol,19.797959566116333,5251.0,9.37868070602417,2301.0,0.0012052059173583984,
0x93c32845fae42c83a70e5f06214c8433665c2ab5.sol,13.274001836776732,950.0,14.175028324127195,1716.0,0.0012049674987792969,
0x9ecea0edc56f307cc343b2c8e3acb454d1faffda.sol,11.429368019104004,1665.0,14.709893226623535,1756.0,0.0011954307556152344,
0x00898f652934eff850886289a94d41cf9457e7af.sol,50.12770938873291,11169.0,15.318524360656738,2444.0,0.0012211799621582031,
0x39cfd754c85023648bf003bea2dd498c5612abfa.sol,16.98807954788208,952.0,17.337751150131226,1710.0,0.001211404800415039,
0x2cc995bce8644e4809f43c6e8b3cbd611bcebbb5.sol,15.565183401107788,3741.0,15.18117094039917,1718.0,0.0012240409851074219,
0x16a76a81bb2c2b16ca7b0a2ea4f093bcdf47ae7b.sol,23.011712551116943,7921.0,15.025237560272217,2021.0,0.0012176036834716797,
0xf847b0052b9d369401b0d71465f28392ea7e3304.sol,14.944002628326416,1622.0,10.64685583114624,1852.0,0.0012326240539550781,
0x0d5a83d8b2dd05cbb7183824dc71b31d3e6d838e.sol,13.485108852386476,6105.0,10.195468425750732,1775.0,0.0012311935424804688,
0xee3dc775669d2415cad8b5b424e6c97ad60ebef5.sol,9.119440793991089,1591.0,12.316256046295166,1616.0,0.0012233257293701172,
0xf2d54d17d3dc3810a0d62042a0b381df122ed162.sol,22.10903525352478,1793.0,12.460213422775269,1901.0,0.001230478286743164,
0x79e784a77254aedbc6488ce0001abee487b1d88d.sol,11.619303464889526,916.0,18.41297745704651,1713.0,0.0012288093566894531,
0x05a2f46b2409fe46b8c1f87af2508e7aef5aa8fa.sol,8.8116614818573,703.0,17.100485801696777,1633.0,0.0012230873107910156,
0xa46edd6a9a93feec36576ee5048146870ea2c3ae.sol,8.950666666030884,812.0,17.092605352401733,1726.0,0.0012388229370117188,
0x30919c5c5c7727eea89b110d7258cbb36d541377.sol,19.29998350143433,1749.0,12.680545330047607,2058.0,0.0012443065643310547,
0xb620cee6b52f96f3c6b253e6eea556aa2d214a99.sol,11.322081565856934,1303.0,12.362330675125122,1694.0,0.001241445541381836,
0x1c1de57cc864072f7eab381c4c06b14a6963dd4b.sol,26.323146104812626,3711.0,15.113377809524536,2448.0,0.0012776851654052734,
0x5171f06b66479c751c0ac6d2935d2db373ca06c4.sol,14.95203685760498,1132.0,15.761216163635254,1749.0,0.0012576580047607422,
0x3f513977cd827428e0459fdef7217cd6272dc893.sol,9.9076988697052,1459.0,13.19703221321106,1634.0,0.0012407302856445312,
0x470142a1834438515b757118f322703aba6e1e05.sol,10.431256532669067,2930.0,14.413676261901855,1637.0,0.0012481212615966797,
0xfb0f7189b354660e649ae14261a9fe0e8febf369.sol,11.758406400680542,1070.0,11.776803493499756,1728.0,0.0012717247009277344,
0x9d24335fd550568615bc81f8c0aa72aaa70ab93a.sol,12.09352970123291,942.0,13.101087808609009,1844.0,0.0012693405151367188,
0xafb7ae966a9a7801beace4a7d5bbee91d860f616.sol,10.560078620910645,1180.0,11.50234055519104,1693.0,0.0012645721435546875,
0x128ad1ad707c3b36e6f2ac9739f9df7516fdb592.sol,12.345586776733398,6422.0,13.017448663711548,1585.0,0.0012650489807128906,
0x9d31ff892f984a83e8b342a5ece8e8911ed909e0.sol,14.646979570388794,1013.0,11.399917125701904,1816.0,0.0012903213500976562,
0x06a07a3911dab4507dd44cd97e30c3267d4a9c63.sol,25.68600964546204,7476.0,11.78516435623169,2028.0,0.0012912750244140625,
0x5b463c4e19358b4eaf010cf24244bf140541a63e.sol,20.282644033432007,1720.0,12.679049491882324,1789.0,0.0012769699096679688,
0xa27f262391913a5e21216c70de5358a1e887de25.sol,16.55791711807251,1604.0,16.66561245918274,1863.0,0.0012896060943603516,
0x07c1c8c2bce6290daa554118b7d208041615ce54.sol,15.771281003952026,5241.0,13.17851710319519,1951.0,0.0012879371643066406,
0x06012c8cf97bead5deae237070f9587f8e7a266d.sol,14.5503089427948,7680.0,13.15746521949768,1836.0,0.0013053417205810547,
0x0c6139206f995d160edb00422a5ac819bc94295e.sol,8.860336303710938,1961.0,9.158118724822998,1691.0,0.0012900829315185547,
0x356598a62aed83950e724db6e62b10b1027e33e2.sol,19.655877351760864,1883.0,14.526744604110718,1985.0,0.0013136863708496094,
0x0aabf9daefcd484405479d2748cbaedb53c33d87.sol,20.44192290306092,11481.0,12.168141603469849,1967.0,0.0013225078582763672,
0x2daae64cc8516187c9d2ab209f3faa2f83b246e1.sol,27.90582799911499,7509.0,14.63005018234253,2094.0,0.0013070106506347656,
0x0a28dd8141394e6d680d20d54ffeb3544b576a78.sol,22.157288312911987,4478.0,15.102108716964722,1966.0,0.0013053417205810547,
0x0b5ecbb411d8fe829e5eac253ee1f2dc05d8d1ae.sol,19.139471292495728,9398.0,12.709686040878296,1848.0,0.0013163089752197266,
0x01680af31961fb47ad92e32218a5d8cbd036f6ba.sol,26.47991633415222,3805.0,12.982857704162598,1836.0,0.0013232231140136719,
0x2db5a56957a3530235e52ae5eb433e6afcb44512.sol,31.278119325637817,5530.0,11.829688787460327,1965.0,0.0013141632080078125,
0x052f4e43d9d65ca35ce6d3438aa956fda91ef520.sol,22.46356678009033,7118.0,13.830442428588867,2015.0,0.0013263225555419922,
0x04f062809b244e37e7fdc21d9409469c989c2342.sol,13.72545862197876,6006.0,9.40633511543274,1768.0,0.0013270378112792969,
0x39832e9b4851c76160d754267d4a169617c27d88.sol,21.159865617752075,9684.0,12.975940704345703,1986.0,0.0013265609741210938,
0x38721079a72030ab1817fb9e1aaa86ae0d08356f.sol,46.65271735191345,17891.0,10.78239130973816,2788.0,0.0013358592987060547,
0x1bd367eeb05d9c7f8b5ba488df1878d9b983ebfd.sol,7.731090545654297,1063.0,10.785668849945068,1756.0,0.0013325214385986328,
0x44f2f79343ac7244c09e0189df05588524a86515.sol,7.351149559020996,1375.0,12.694885730743408,1732.0,0.0013189315795898438,
0x20c476bb4c7aa64f919278fb9c09e880583beb4c.sol,10.828347206115724,1098.0,19.22291111946106,1919.0,0.00135040283203125,
0x28eeac83b9c843ef2fc6c78bcd860cab46aa88d0.sol,16.275779008865356,6147.0,18.565341234207157,1908.0,0.0013508796691894531,
0x13763173527aab169f588fd663886f17740dfc65.sol,17.238088846206665,5172.0,17.69318723678589,2223.0,0.0013496875762939453,
0x28f1135e43e61ebf303c8f1f9beef4f6a00dcb34.sol,9.40002703666687,3996.0,11.586019277572632,1685.0,0.0013604164123535156,
0x1b1a4586fd99f7e044868ac8e5e91eac4863149b.sol,15.780057430267334,7392.0,18.80317568778992,2112.0,0.0013611316680908203,
0x299e52c5d34596c05a04b61514dd79808167015a.sol,15.766997337341309,1085.0,19.122186422348022,1818.0,0.001361846923828125,
0x47f8c173083af430f4507124b63db55296500baf.sol,10.51198697090149,1826.0,22.452234506607056,1981.0,0.0013697147369384766,
0x32ed067fb79b38b65e1fdd2bcc8c81078b866c3b.sol,19.814403295516968,6559.0,18.582945823669437,2189.0,0.0013780593872070312,
0x0a5a0a14419f9db1da68cf2f550720e5df49d4fe.sol,19.67452716827393,8038.0,15.112792253494264,2086.0,0.0013699531555175781,
0x8b3d70d628ebd30d4a2ea82db95ba2e906c71633.sol,11.008502960205078,1723.0,12.465632677078249,1828.0,0.0013806819915771484,
0x0bc95951bb59d6fd063ce7ad5c3b3dcaace98132.sol,11.170409679412842,2529.0,15.94555139541626,1901.0,0.0014061927795410156,
0x0e50763fbbd9a2474c429041b338624bb2a8b7bd.sol,8.802746772766113,6742.0,15.658938884735107,1665.0,0.0013887882232666016,
0x0d2508ff66a445116029b153f5ca261145717cc1.sol,16.116490840911865,5083.0,17.440069437026978,2101.0,0.001386404037475586,
0x081d8a340d384cffca0c2dafbf45020d760d7576.sol,27.2822003364563,8177.0,12.665478706359863,2049.0,0.0013904571533203125,
0xa43ebd8939d8328f5858119a3fb65f65c864c6dd.sol,13.064070224761965,934.0,14.633037567138672,1751.0,0.0013756752014160156,
0x0f7f8ca2c9b617b4dabb1a16c3e2dc5d83faf907.sol,15.411815404891968,2781.0,15.67270565032959,1885.0,0.001379251480102539,
0x0f6423618083e15989be7e4208c222cf759f99fb.sol,14.622449159622192,3240.0,13.131058931350708,1849.0,0.0013897418975830078,
0xd3efa0d59dccd79a8f2011f5adf527e78f1f68b4.sol,7.780223608016968,1553.0,15.173142910003662,1581.0,0.0013775825500488281,
0xd84b6aec4985e68ef5882de0b5d0b30992bb5057.sol,13.98607897758484,1865.0,14.411942481994627,1814.0,0.0013921260833740234,
0xb11b2fed6c9354f7aa2f658d3b4d7b31d8a13b77.sol,7.963695049285889,752.0,12.59887433052063,1597.0,0.0013885498046875,
0x2628e13a3cbdc52ed96b4b8d6b1041d3ef3a409e.sol,9.273582935333252,1500.0,15.469751834869385,1845.0,0.0014014244079589844,
0x8fd1e427396ddb511533cf9abdbebd0a7e08da35.sol,8.378207921981812,1011.0,12.21679425239563,1728.0,0.00140380859375,
0xdef5dce5781220efda3f5235cc6e5dd5a08e22bd.sol,6.244444370269775,1542.0,11.992440462112429,1683.0,0.00139617919921875,
0x1684843a68f7e6489c666d524f178edb1af27772.sol,12.036415576934814,7384.0,13.175075769424438,2074.0,0.001440286636352539,
0x2268003d92ff03be6ca6da029f8d8127fd2f617e.sol,23.10430335998535,6300.0,12.585543870925903,2807.0,0.0014448165893554688,
0x1190074795dad0e61b61270de48e108427f8f817.sol,10.35888123512268,4740.0,14.391854047775269,1922.0,0.0014417171478271484,
0x246fcdc18bf3781b4c5100b3a6decef8dbcc8a31.sol,19.20048236846924,8217.0,17.350866556167603,2233.0,0.0014262199401855469,
0xf2570186500a46986f3139f65afedc2afe4f445d.sol,6.865424156188965,746.0,15.039899110794067,1685.0,0.0014162063598632812,
0x0e94278497e51629c78697dac758fded6c8f188f.sol,9.178912162780762,1000.0,10.519788980484009,1687.0,0.0014450550079345703,
0x030d087bfb025268f129a1979bda8ed3a6191a02.sol,8.724032878875732,3467.0,16.443665742874146,1712.0,0.0014543533325195312,
0x7c52209718662dde9e18690e5ce435aa81502edd.sol,6.995000123977661,968.0,14.295656442642212,1714.0,0.0014395713806152344,
0x1a9206cd9a4c59967ca728ca96b15287b2fd4c7c.sol,19.789205074310303,15628.0,12.0932297706604,2125.0,0.0014629364013671875,
0x1e887e7115321b4ee5d58dd446ec09e12b45d81b.sol,16.01966691017151,5693.0,25.29068613052368,2190.0,0.0014445781707763672,
0x2aa216f8126190fe5610b1b6c3c4835d1b07c8c8.sol,19.33426403999329,15401.0,11.980250597000122,2036.0,0.0014617443084716797,
0xd5e5ab3438c14a6c823886baa24d8f41636b1d34.sol,11.93123722076416,2286.0,13.276833295822144,1967.0,0.0014605522155761719,
0x78e6d2bfe731e578a50a4129df89bb4950591d18.sol,14.736648082733154,1274.0,10.308273077011108,1995.0,0.0014548301696777344,
0xc86dd185fc95031489b89eeaaa3fd47e11c065e9.sol,7.107970476150513,2331.0,18.13583374023437,1672.0,0.0014324188232421875,
0x09d063d9950cdf02d545ec6fb0166491e3ea4fd2.sol,8.999761819839478,5179.0,14.678379535675049,1752.0,0.0014731884002685547,
0xc601f6938c75c4ca03eaad570701d86e607771db.sol,6.767390966415405,820.0,19.11359024047852,1643.0,0.001466512680053711,
0x0321be5f545ea569424aace4dc08d60f467229ac.sol,17.035300731658936,8476.0,12.444378852844238,2309.0,0.001474142074584961,
0x774853153c3cc175a3606c58d6f27f6b57e72fd3.sol,6.264492034912109,871.0,11.360835075378418,1607.0,0.0014507770538330078,
0x1f42f986f9ef31d6ef787565b211bce0eb877bcc.sol,20.21448922157288,6248.0,12.774263381958008,2338.0,0.001481771469116211,
0x10452f898766f59a8514dc6856ff62bbdc6a0f51.sol,7.8938987255096436,891.0,12.771753311157228,1731.0,0.0014827251434326172,
0xd1a3ace46c98e028229974217201433e7163c4dd.sol,9.357442378997805,1353.0,10.792367219924929,1687.0,0.0014722347259521484,
0x066416dc99bea2c852e46acf88128480479cf191.sol,10.727991580963137,3854.0,14.272009372711182,1901.0,0.0014886856079101562,
0x01fd49a2042e962eb9b4f7fa1efaa8eac4cefeed.sol,24.19861221313477,5172.0,12.93756103515625,2193.0,0.0014901161193847656,
0x52c2d09acf0ef12c487ae0c20a92d4f9a4abbfd1.sol,13.836759328842165,784.0,11.342703819274902,1623.0,0.001483917236328125,
0x01d5609df23dee77fe8db8e03c66be11dca7d21b.sol,13.27968978881836,7633.0,8.634145975112915,1670.0,0.0014824867248535156,
0xe9aec9c2a03d06243fffb907f6ce377e3c5c8936.sol,27.7909574508667,2995.0,12.82014274597168,2202.0,0.0015213489532470703,
0x5e88d3aa9c690a519279c199cc16f37b99510e2d.sol,13.150269508361816,1098.0,13.565698146820068,1779.0,0.0015070438385009766,
0x0e3ea79e194aef78b69209447f0f6c17ed96a5d6.sol,20.898547649383545,8523.0,12.56384301185608,2064.0,0.0015041828155517578,
0x00e5b0e005ae310312942197e0898de60e30a3a3.sol,8.828269481658936,3712.0,12.421440362930298,1648.0,0.0014920234680175781,
0x2767e2ad18b358be2b511963a1b236b48203618c.sol,26.94874835014344,6635.0,12.607300519943236,2215.0,0.0015006065368652344,
0xd96d1947b7758271c4b0621d90808825121bf329.sol,12.555969953536987,1070.0,13.616824388504028,1759.0,0.0015184879302978516,
0x02a0c000c375464509754deea7d07d06df901e3a.sol,12.866634130477903,3747.0,12.10860562324524,1651.0,0.001528024673461914,
0x01e7e52aba28a0f61cc053c544efe943e5b43954.sol,13.078200817108154,3798.0,14.292011022567747,1716.0,0.0015079975128173828,
0x039f7a065382b064c95f8409b7eff4a45cea3e23.sol,28.361475706100464,6569.0,14.323630571365356,2402.0,0.0015225410461425781,
0x7d7dde4b196a237879e448fc4b69b8647c124932.sol,15.911177158355711,1253.0,12.700790882110596,1966.0,0.0015339851379394531,
0x03766932d07fad2ea2e60454ccbbb5d88780b63e.sol,11.962372541427612,3520.0,12.300790309906006,1914.0,0.0015180110931396484,
0x04d660832910ff492e940daff9ec7b3497e886ac.sol,16.281296014785767,4754.0,13.277950048446655,2336.0,0.001554250717163086,
0x13ee0099f47a84bb4ab4cce741326b2976eda776.sol,13.398600101470947,3721.0,14.099676847457886,1755.0,0.0015270709991455078,
0x3ab4a46beae2a0b025eeed54db05819814ff287a.sol,16.421236276626587,2574.0,16.348353147506714,2087.0,0.0015368461608886719,
0x9ed484129f09e5a90a13f4e914a0bd6fa08ceba7.sol,5.998270750045776,1096.0,12.60561752319336,1637.0,0.0015249252319335938,
0x6d84769b1e287a27f282a938c8110b22714dbf78.sol,9.14396357536316,1929.0,15.766881227493286,1910.0,0.0015316009521484375,
0x214a8abb5fd89d3605c6cadb178f1748c36f6b8d.sol,7.6716039180755615,4057.0,12.086124181747437,1728.0,0.0015523433685302734,
0x11566f832f90155701384e42f0adcdc889767bbc.sol,9.630143642425535,3944.0,11.066381216049194,1813.0,0.0015673637390136719,
0x37238583c041a2f51964f23fde2710c4fbd29e9e.sol,24.406020164489743,10608.0,14.531539916992188,2782.0,0.00154876708984375,
0x136e99a415957fc3f23e0a6885b22bcd0c475ab4.sol,13.23149347305298,3554.0,15.042517185211182,1873.0,0.0015575885772705078,
0xb0ceaa9cc523332cbef9fc606221cc0bc2d0872d.sol,15.859246969223022,1025.0,15.404446125030518,1806.0,0.0015590190887451172,
0x32fd0a9206c6ada63ceb2738449261e3a876bbf6.sol,32.611900806427,6180.0,14.107338905334473,2499.0,0.0015645027160644531,
0x2fd4f0569896b4009ffad793ac6308bfd79b4c35.sol,8.872911930084229,3521.0,13.949570178985596,1578.0,0.0015614032745361328,
0x575d8909d7fef2561ef8c2114d80b736fb77cbb6.sol,19.845564126968384,2953.0,13.663295030593872,2071.0,0.0015723705291748047,
0x000000000000541e251335090ac5b47176af4f7e.sol,26.52573657035828,14347.0,15.563546895980837,2186.0,0.001567840576171875,
0x15ada2a8e62134806a86db3030fefc0a2a13cc99.sol,16.190621614456177,13905.0,11.37077784538269,1825.0,0.0015742778778076172,
0x0d1c59da19c60092cc3a56ee6750bd162582f857.sol,25.07391119003296,10802.0,18.695866346359253,2044.0,0.0015821456909179688,
0x0ceae0bd68f89e41a1ed5dc20ca930c0c41856d7.sol,15.095449447631836,3077.0,12.829074382781982,1951.0,0.0015892982482910156,
0x0e30bc9512306534b85afd0c75065b455af55d45.sol,9.980692625045776,8980.0,11.430005311965942,1567.0,0.001569509506225586,
0x0ffaa8eeb2ee18c9174e4c5d6af6ce48199c6879.sol,20.724454402923584,6508.0,14.302810668945312,2033.0,0.0016078948974609375,
0xc67c1f88f31e724b137a057292e55cb42a5f3241.sol,11.388726711273192,1012.0,12.074108839035034,1737.0,0.0015933513641357422,
0x84cd9cf60bcb44f7bab8b75e6f03614c2c3b22b7.sol,22.12952494621277,2263.0,16.569504737854004,1996.0,0.0016105175018310547,
0x3114b3312417b27a83bfd934764eee363d1e9325.sol,28.77359366416931,15682.0,11.768353462219238,2410.0,0.0016033649444580078,
0x641074844a0dd00042347161f830346bdfe348bc.sol,10.212964057922363,783.0,15.402886867523192,1675.0,0.0016086101531982422,
0x94554c78bd90dc7047f1a400dd3c5730991d9484.sol,7.640568017959595,4910.0,11.30132222175598,1764.0,0.0016007423400878906,
0x03358425ada4620246dd703dc1f2246b8e148d22.sol,9.541101932525637,1400.0,10.97027850151062,1795.0,0.0016548633575439453,
0xf796eb0a13b5a75e94f13fd14fb66b2b8007f69b.sol,8.967854976654053,1249.0,10.701032638549805,1717.0,0.0016238689422607422,
0x0e9186d1d0c7aa2212e3f42405eda1bc35d826a9.sol,10.2739098072052,3472.0,10.517873764038086,1906.0,0.0016207695007324219,
0x06ef66ab59919e1c3b25ad4732a002f644fe0f8e.sol,14.383031845092772,9178.0,14.3024799823761,2093.0,0.0016255378723144531,
0x0e33ca464b1c76a384039eb1b7e9dc3b0416b5ae.sol,12.958126306533812,9746.0,13.863696813583374,2033.0,0.001621246337890625,
0x61683dfbe07e98a4edbddc2f1f1a44a75fa74912.sol,25.40608596801757,2397.0,10.274688482284546,2776.0,0.0016238689422607422,
0xc543afe640c8c7521beb6549be75f77b568f4590.sol,9.336139917373655,1303.0,10.065967798233032,1800.0,0.0016429424285888672,
0xe650a4ed8c64174201204fd4d628a98661048fc4.sol,9.511663913726808,1139.0,18.18588662147522,1772.0,0.0016238689422607422,
0x0e2d791d78e6cc39c8dbeb7898b02221ac35c3f7.sol,21.57941746711731,5073.0,15.740187406539915,2209.0,0.0016720294952392578,
0x0c7e06db03aee1d592887deeb5cd20ce79f7bdbe.sol,20.02075958251953,2582.0,12.650731801986694,2159.0,0.0016443729400634766,
0x967719548b8385be3c21ee96bdc57b9409b501cb.sol,13.891476154327393,1576.0,11.682838678359984,1782.0,0.0016412734985351562,
0x31718bcf61910b6760ec5fc6aaa8a6a0110af902.sol,12.109992265701294,1055.0,10.012107849121094,1722.0,0.0016570091247558594,
0x33b44a1d150f3feaa40503ad20a75634adc39b18.sol,10.418631315231323,809.0,16.413275718688965,1708.0,0.001651763916015625,
0x72bf3030e276a96539143551bd8f91aff699bf7c.sol,13.409706115722656,1499.0,11.572073459625244,1773.0,0.001645803451538086,
0x300af88747b3f913012753071f209b48b30ea1ac.sol,19.914186477661133,6066.0,11.114017963409424,2135.0,0.0016696453094482422,
0x1b6df88f60b6b7c2b7f9b6beec4a6b3841a10d6c.sol,8.71039867401123,1048.0,15.816174745559692,1576.0,0.001649618148803711,
0xbaea5bc6568dcb1f1c5aa24223a47333a6b3a8f5.sol,17.89700675010681,2891.0,10.826576948165894,1915.0,0.0016937255859375,
0x2e09a70dca6ab05505b26382003912783e588f9c.sol,26.22504997253418,6487.0,16.271831035614014,1995.0,0.0016815662384033203,
0xb48e28b7de69e921e37c9786f11a6f73274777ef.sol,15.614006042480469,999.0,16.53197479248047,1788.0,0.0016717910766601562,
0x005d068a5dd27f3e49a047deac6785b426145bbc.sol,8.538347959518433,3566.0,10.913344860076904,1601.0,0.0016546249389648438,
0x4e61ba9c25d43e802c6be8d160432e4989dea1fc.sol,10.144795179367064,1391.0,15.57953119277954,1854.0,0.0016887187957763672,
0x150dbfc384ba5c13c304efd2efee73cc57cc2c16.sol,15.15769076347351,3236.0,12.651737928390505,2141.0,0.0016703605651855469,
0x119995a900c86c6aaf68b917341b844c3786913c.sol,16.448241710662842,8816.0,16.658182859420776,2214.0,0.0016808509826660156,
0x4470887011bbf1e196b62020266aa5ae1081bd70.sol,9.30323886871338,1924.0,12.32173228263855,1862.0,0.0017497539520263672,
0x6cdccb2b249298419ab3dea261a92fbacf2223ab.sol,7.373436212539673,895.0,16.96801471710205,1728.0,0.0016891956329345703,
0x122ad2495b1af2a14c5c4b4ca59adfcd79c2dcb3.sol,15.440756559371948,4120.0,13.79997181892395,2146.0,0.001703023910522461,
0xb69a50f98a49f85fd2042813e1647b02dc43d71f.sol,6.279250621795654,1665.0,12.934011697769163,1634.0,0.0016808509826660156,
0x018194f1e70185eb153bcab2f6d64070c605a318.sol,6.1723339557647705,3209.0,9.836315631866457,1626.0,0.0016906261444091797,
0x00b0e8d3d7a6275dea291111ff8480ea053cd719.sol,6.371694803237915,3572.0,11.830748796463013,1604.0,0.0016858577728271484,
0xad93be20a1781d9976b87c5bda2be64b2ebc132d.sol,7.503772258758545,1416.0,13.00383710861206,1696.0,0.0016949176788330078,
