Smart Contract,Function Name,3,1,2
0x01f8c4e3fa3edeb29e514cba738d87ce8c091d3f,PERSONAL_BANK.Collect,1,1.0,1.0
0x4e73b32ed6c35f570686b89848e5f39f20ecc106,PRIVATE_ETH_CELL.Collect,1,1.0,1.0
0x7a8721a9d64c74da899424c1b52acbf58ddc9782,PrivateDeposit.CashOut,1,1.0,1.0
0x7b368c4e805c3870b6c49a3f1f49f69af8662cf3,W_WALLET.Collect,1,1.0,1.0
0x8c7777c45481dba411450c228cb692ac3d550344,ETH_VAULT.CashOut,1,1.0,1.0
0x23a91059fdc9579a9fbd0edc5f2ea0bfdb70deb4,PrivateBank.CashOut,1,1.0,1.0
0x93c32845fae42c83a70e5f06214c8433665c2ab5,X_WALLET.Collect,1,1.0,1.0
0x96edbe868531bd23a6c05e9d0c424ea64fb1b78b,PENNY_BY_PENNY.Collect,1,1.0,1.0
0x561eac93c92360949ab1f1403323e6db345cbf31,BANK_SAFE.Collect,1,1.0,1.0
0x627fa62ccbb1c1b04ffaecd72a53e37fc0e17839,TokenBank.WithdrawToHolder,0,0.0,0.0
0x941d225236464a25eb18076df7da6a91d0f95e9e,ETH_FUND.CashOut,1,1.0,1.0
0x4320e6f8c05b27ab4707cd1f6d5ce6f3e4b3a5a1,ACCURAL_DEPOSIT.Collect,1,1.0,1.0
0x7541b76cb60f4c60af330c208b0623b7f54bf615,U_BANK.Collect,1,1.0,1.0
0xaae1f51cf3339f18b6d3f3bdc75a5facd744b0b8,DEP_BANK.Collect,1,1.0,1.0
0xb5e1b1ee15c6fa0e48fce100125569d430f1bd12,Private_Bank.CashOut,1,1.0,1.0
0xb93430ce38ac4a6bb47fb1fc085ea669353fd89e,PrivateBank.CashOut,1,1.0,1.0
0xbaf51e761510c1a11bf48dd87c0307ac8a8c8a4f,ETH_VAULT.CashOut,1,1.0,1.0
0xbe4041d55db380c5ae9d4a9b9703f1ed4e7e3888,MONEY_BOX.Collect,1,1.0,1.0
0xcead721ef5b11f1a7b530171aab69b16c5e66b6e,WALLET.Collect,1,1.0,1.0
0xf015c35649c82f5467c9c74b7f28ee67665aad68,MY_BANK.Collect,1,1.0,1.0
etherbank,EtherBank.withdrawBalance,1,1.0,1.0
etherstore,EtherStore.withdrawFunds,1,1.0,1.0
reentrance,Reentrance.withdraw,1,1.0,1.0
reentrancy_dao,ReentrancyDAO.withdrawAll,1,1.0,1.0
reentrancy_insecure,Reentrancy_insecure.withdrawBalance,1,1.0,1.0
reentrancy_simple,Reentrance.withdrawBalance,1,1.0,1.0
simple_dao,SimpleDAO.withdraw,1,1.0,1.0
spank_chain_payment,LedgerChannel.LCOpenTimeout,1,1.0,1.0
modifier_reentrancy,ModifierEntrancy.airDrop,1,1.0,1.0
reentrancy_bonus,Reentrancy_bonus.getFirstWithdrawalBonus,1,1.0,1.0
reentrancy_cross_function,Reentrancy_cross_function.withdrawBalance,1,1.0,1.0
