Smart Contract,Function Name,3,1,2
0x0da76de0916ef2da3c58a97e4d09d501c56a9f15,Piggy_Bank.Collect,1,1.0,1.0
0x0eb68f34efa0086e4136bca51fc4d0696580643e,BetingHouse.get,1,1.0,1.0
0x2a98d8fc14b31b346ff6c56dc2a252c434f628f2,PoormansHoneyPot.withdraw,1,1.0,1.0
0x4e73b32ed6c35f570686b89848e5f39f20ecc106,PRIVATE_ETH_CELL.Collect,1,1.0,1.0
0x05f49e3e0a27efa05d60c19cd8f0ecc951d3717e,EtherheroStabilizationFund.ReturnEthToEtherhero,0,0.0,0.0
0x7a8721a9d64c74da899424c1b52acbf58ddc9782,PrivateDeposit.CashOut,1,1.0,1.0
0x7c4393ee129d7856b5bd765c2d20b66f464ccd0f,PendingContributions.retry,0,0.0,0.0
0x8a347485eaa69206eb1a299472eb7495e36448bb,Alfa_bank.Collect,1,1.0,1.0
0x8c7777c45481dba411450c228cb692ac3d550344,ETH_VAULT.CashOut,1,1.0,1.0
0x8db0ee1483fbe9db734d8a5e885dc55adfee21a5,Cb_BANK.Collect,1,1.0,1.0
0x9a156f934c3542ef6a4443ce9a91d2d768fc01c1,DAO.executeProposal,1,1.0,1.0
0x23a91059fdc9579a9fbd0edc5f2ea0bfdb70deb4,PrivateBank.CashOut,1,1.0,1.0
0x53a9694a87afd4205296554385f7ef59baaf1843,ALFA_Bank.Collect,1,1.0,1.0
0x79ad73567e7f9a5b4a2d28264f78aff9d971cf14,_50Win.send,1,1.0,1.0
0x93c32845fae42c83a70e5f06214c8433665c2ab5,X_WALLET.Collect,1,1.0,1.0
0x95d34980095380851902ccd9a1fb4c813c2cb639,Private_Bank.CashOut,1,1.0,1.0
0x96edbe868531bd23a6c05e9d0c424ea64fb1b78b,PENNY_BY_PENNY.Collect,1,1.0,1.0
0x0459ebad0ba09901fda1441ee72e6cb664257f61,ALFA_bank.Collect,1,1.0,1.0
0x561eac93c92360949ab1f1403323e6db345cbf31,BANK_SAFE.Collect,1,1.0,1.0
0x941d225236464a25eb18076df7da6a91d0f95e9e,ETH_FUND.CashOut,1,1.0,1.0
0x33813c2f2aab62ac88c234858a1f08448424828f,Balance.claim,1,1.0,1.0
0x039963c07e62eb7af39eeeb871cb2de9cbc65d78,PIG_BANK.Collect,1,1.0,1.0
0x85179ac15aa94e3ca32dd1cc04664e9bb0062115,COIN_BOX.Collect,1,1.0,1.0
0x9902211b5d4bd822594e6f052637bf36515ac9a7,_50Win.send,1,1.0,1.0
0x3023868433f6086cd8ce0c4083fe2e11b37ce0b7,Alec.guess,1,1.0,1.0
0xa4c63e8b05df7db85db0ad37f8064f92338a2422,DU_Bank.Collect,1,1.0,1.0
0xa5d6accc5695327f65cbf38da29198df53efdcf0,Private_accumulation_fund.CashOut,1,1.0,1.0
0xaa4f28fe9d4819fc9e6033e93b0cb0362d132841,C_Bank.Collect,1,1.0,1.0
0xaae1f51cf3339f18b6d3f3bdc75a5facd744b0b8,DEP_BANK.Collect,1,1.0,1.0
0xb4c05e6e4cdb07c15095300d96a5735046eef999,PrivateBank.CashOut,1,1.0,1.0
0xb5e1b1ee15c6fa0e48fce100125569d430f1bd12,Private_Bank.CashOut,1,1.0,1.0
0xb7c5c5aa4d42967efe906e1b66cb8df9cebf04f7,keepMyEther.withdraw,1,1.0,1.0
0xb93430ce38ac4a6bb47fb1fc085ea669353fd89e,PrivateBank.CashOut,1,1.0,1.0
0xba40f56b536a297139570e0a4c74546dd27fd0f0,Our_bank.Collect,1,1.0,1.0
0xbaf51e761510c1a11bf48dd87c0307ac8a8c8a4f,ETH_VAULT.CashOut,1,1.0,1.0
0xbe4041d55db380c5ae9d4a9b9703f1ed4e7e3888,MONEY_BOX.Collect,1,1.0,1.0
0xc213dc998b6c0d9c51f9cc72240596e1dd684ec7,EtherStore.withdrawFunds,1,1.0,1.0
0xcef76ac06ee4dfaca24feaf000cd44cf43f30ce0,Alfa_Bank.Collect,1,1.0,1.0
0xd116d1349c1382b0b302086a4e4219ae4f8634ff,Private_Bank.CashOut,1,1.0,1.0
0xdd17afae8a3dd1936d1113998900447ab9aa9bc0,COIN_BOX.Collect,1,1.0,1.0
0xe0b0831d52d970298fe4a9dd4fe3f22bcd130fae,PG_bank.Collect,1,1.0,1.0
0xe610af01f92f19679327715b426c35849c47c657,PIGGY_BANK.Collect,1,1.0,1.0
0xf6dbe88ba55f1793ff0773c9b1275300f830914f,Asiandragon.withdraw,1,1.0,1.0
0xf281bad74a5a549ceced85dad57f47a671b07e51,du_Bank.Collect,1,1.0,1.0
