Smart Contract,Function Name,GPT label,My label,Analyze Time,Iteration Time,LLM Tokens
0x0da76de0916ef2da3c58a97e4d09d501c56a9f15,Piggy_Bank.Collect,Conclusion: This function will cause REE Problem.,1,8.592527389526370,19.29803943634030,1674.0
0x0eb68f34efa0086e4136bca51fc4d0696580643e,BetingHouse.get,Conclusion: This function will cause REE Problem.,1,10.765074968338000,18.52102303504940,3040.0
0x2a98d8fc14b31b346ff6c56dc2a252c434f628f2,PoormansHoneyPot.withdraw,Conclusion: This function will cause REE Problem.,1,6.058029890060430,16.725586414337200,1504.0
0x4e73b32ed6c35f570686b89848e5f39f20ecc106,PRIVATE_ETH_CELL.Collect,Conclusion: This function will cause REE Problem.,1,6.6040520668029800,17.258572816848800,1605.0
0x05f49e3e0a27efa05d60c19cd8f0ecc951d3717e,EtherheroStabilizationFund.ReturnEthToEtherhero,Conclusion: This function will not cause REE Problem.,0,3.795372009277340,14.680004596710200,1041.0
0x7a8721a9d64c74da899424c1b52acbf58ddc9782,PrivateDeposit.CashOut,Conclusion: This function will cause REE Problem.,1,7.7779176235199000,18.42356824874880,1593.0
0x7c4393ee129d7856b5bd765c2d20b66f464ccd0f,PendingContributions.retry,Conclusion: This function will not cause REE Problem.,0,4.826472282409670,15.54364824295040,1071.0
0x8a347485eaa69206eb1a299472eb7495e36448bb,Alfa_bank.Collect,Conclusion: This function will cause REE Problem.,1,7.211143732070920,17.893272638320900,1649.0
0x8c7777c45481dba411450c228cb692ac3d550344,ETH_VAULT.CashOut,Conclusion: This function will cause REE Problem.,1,5.889252185821530,16.53736424446110,1573.0
0x8db0ee1483fbe9db734d8a5e885dc55adfee21a5,Cb_BANK.Collect,Conclusion: This function will cause REE Problem.,1,7.94110894203186,18.62430310249330,1688.0
0x9a156f934c3542ef6a4443ce9a91d2d768fc01c1,DAO.executeProposal,Conclusion: This function will cause REE Problem.,1,12.10150408744810,23.598644018173200,2400.0
0x23a91059fdc9579a9fbd0edc5f2ea0bfdb70deb4,PrivateBank.CashOut,Conclusion: This function will cause REE Problem.,1,7.287506341934200,17.85871148109440,1582.0
0x53a9694a87afd4205296554385f7ef59baaf1843,ALFA_Bank.Collect,Conclusion: This function will cause REE Problem.,1,5.587636232376100,16.235905170440700,1605.0
0x79ad73567e7f9a5b4a2d28264f78aff9d971cf14,_50Win.send,Conclusion: This function will cause REE Problem.,1,28.94042658805850,29.223418474197400,3937.0
0x93c32845fae42c83a70e5f06214c8433665c2ab5,X_WALLET.Collect,Conclusion: This function will cause REE Problem.,1,6.343376636505130,16.95523428916930,1617.0
0x95d34980095380851902ccd9a1fb4c813c2cb639,Private_Bank.CashOut,Conclusion: This function will cause REE Problem.,1,6.073358297348020,16.70208716392520,1536.0
0x96edbe868531bd23a6c05e9d0c424ea64fb1b78b,PENNY_BY_PENNY.Collect,Conclusion: This function will cause REE Problem.,1,11.327970027923600,21.9897358417511,1685.0
0x0459ebad0ba09901fda1441ee72e6cb664257f61,ALFA_bank.Collect,Conclusion: This function will cause REE Problem.,1,6.660205602645870,17.28848099708560,1627.0
0x561eac93c92360949ab1f1403323e6db345cbf31,BANK_SAFE.Collect,Conclusion: This function will cause REE Problem.,1,6.687038660049440,17.306424856185900,1588.0
0x941d225236464a25eb18076df7da6a91d0f95e9e,ETH_FUND.CashOut,Conclusion: This function will cause REE Problem.,1,7.522418260574340,18.126302242279100,1626.0
0x33813c2f2aab62ac88c234858a1f08448424828f,Balance.claim,Conclusion: This function will cause REE Problem.,1,6.609139442443850,13.732459545135500,1477.0
0x039963c07e62eb7af39eeeb871cb2de9cbc65d78,PIG_BANK.Collect,Conclusion: This function will cause REE Problem.,1,7.055721044540410,17.753601789474500,1629.0
0x85179ac15aa94e3ca32dd1cc04664e9bb0062115,COIN_BOX.Collect,Conclusion: This function will cause REE Problem.,1,5.885436534881590,16.545459032058700,1613.0
0x9902211b5d4bd822594e6f052637bf36515ac9a7,_50Win.send,Conclusion: This function will cause REE Problem.,1,25.621012210845900,25.880398273468000,4659.0
0x3023868433f6086cd8ce0c4083fe2e11b37ce0b7,Alec.guess,Conclusion: This function will cause REE Problem.,1,8.231700658798220,18.373416423797600,2147.0
0xa4c63e8b05df7db85db0ad37f8064f92338a2422,DU_Bank.Collect,Conclusion: This function will cause REE Problem.,1,5.779789686203000,16.499305248260500,1607.0
0xa5d6accc5695327f65cbf38da29198df53efdcf0,Private_accumulation_fund.CashOut,Conclusion: This function will cause REE Problem.,1,6.828446388244630,17.5066020488739,1601.0
0xaa4f28fe9d4819fc9e6033e93b0cb0362d132841,C_Bank.Collect,Conclusion: This function will cause REE Problem.,1,5.989210367202760,16.677311658859300,1590.0
0xaae1f51cf3339f18b6d3f3bdc75a5facd744b0b8,DEP_BANK.Collect,Conclusion: This function will cause REE Problem.,1,7.543493747711180,18.202011346817000,1579.0
0xb4c05e6e4cdb07c15095300d96a5735046eef999,PrivateBank.CashOut,Conclusion: This function will cause REE Problem.,1,8.107888221740720,18.838435173034700,1617.0
0xb5e1b1ee15c6fa0e48fce100125569d430f1bd12,Private_Bank.CashOut,Conclusion: This function will cause REE Problem.,1,6.397754192352300,17.068580865860000,1615.0
0xb7c5c5aa4d42967efe906e1b66cb8df9cebf04f7,keepMyEther.withdraw,Conclusion: This function will cause REE Problem.,1,6.381122350692750,17.05815362930300,1468.0
0xb93430ce38ac4a6bb47fb1fc085ea669353fd89e,PrivateBank.CashOut,Conclusion: This function will cause REE Problem.,1,11.108910083770800,21.78755235672000,1580.0
0xba40f56b536a297139570e0a4c74546dd27fd0f0,Our_bank.Collect,Conclusion: This function will cause REE Problem.,1,7.3916709423065200,18.10322952270510,1673.0
0xbaf51e761510c1a11bf48dd87c0307ac8a8c8a4f,ETH_VAULT.CashOut,Conclusion: This function will cause REE Problem.,1,6.74203372001648,17.459285497665400,1550.0
0xbe4041d55db380c5ae9d4a9b9703f1ed4e7e3888,MONEY_BOX.Collect,Conclusion: This function will cause REE Problem.,1,6.793075323104860,17.514576196670500,1658.0
0xc213dc998b6c0d9c51f9cc72240596e1dd684ec7,EtherStore.withdrawFunds,Conclusion: This function will cause REE Problem.,1,7.12352180480957,17.457731246948200,1715.0
0xcef76ac06ee4dfaca24feaf000cd44cf43f30ce0,Alfa_Bank.Collect,Conclusion: This function will cause REE Problem.,1,7.30684757232666,17.987822771072400,1591.0
0xd116d1349c1382b0b302086a4e4219ae4f8634ff,Private_Bank.CashOut,Conclusion: This function will cause REE Problem.,1,6.121190309524540,16.768951892852800,1554.0
0xdd17afae8a3dd1936d1113998900447ab9aa9bc0,COIN_BOX.Collect,Conclusion: This function will cause REE Problem.,1,6.505136013031010,17.220609188079800,1610.0
0xe0b0831d52d970298fe4a9dd4fe3f22bcd130fae,PG_bank.Collect,Conclusion: This function will cause REE Problem.,1,8.226636409759520,18.90996503829960,1617.0
0xe610af01f92f19679327715b426c35849c47c657,PIGGY_BANK.Collect,Conclusion: This function will cause REE Problem.,1,7.801416635513310,18.47036099433900,1641.0
0xf6dbe88ba55f1793ff0773c9b1275300f830914f,Asiandragon.withdraw,Conclusion: This function will cause REE Problem.,1,6.775721073150640,17.698110342025800,1548.0
0xf281bad74a5a549ceced85dad57f47a671b07e51,du_Bank.Collect,Conclusion: This function will cause REE Problem.,1,8.33571457862854,18.9738028049469,1659.0