Smart Contract,Function Name,My label 0/1,Socrates 0/1,SCRUBD label 0/1,Authority Verification,Locking,Gas limit,Trusty Address,Analyze Time,Iteration Time,LLM Tokens
0x000000000000541e251335090ac5b47176af4f7e,dexBlue.spendGasTokens,0,1,1,,,,,24.3688569068909,35.6261246204376,4758
0x000000000000541e251335090ac5b47176af4f7e,dexBlueSettlementModule.matchOrderWithReserve,0,0,1,,,,1,20.8773620128632,32.166535615921,4856
0x000000000000541e251335090ac5b47176af4f7e,dexBlueSettlementModule.matchOrderWithReserveWithData,0,0,1,,,,1,19.7998974323273,31.0637903213501,4986
0x000000000000541e251335090ac5b47176af4f7e,dexBlueSettlementModule.settleRingTrade,0,1,1,1,,,,15.2648663520813,26.6754925251007,6756
0x000000000000541e251335090ac5b47176af4f7e,dexBlueSettlementModule.settleRingTradeWithData,0,1,1,1,,,,15.3517489433289,26.7741937637329,6851
0x000000000000541e251335090ac5b47176af4f7e,dexBlueSettlementModule.swapWithReserve,0,1,0,1,,,,12.7073724269867,24.1180801391602,3376
0x0000000000b3f879cb30fe243b4dfee438691c04,GasToken2.destroyChildren,0,0,1,,,,,11.4896347522736,22.1819491386414,2544
0x00195777bed7025e78819156281192c85fb3cf9b,GAME.startRaffle,0,0,1,,,1,1,150.569177627563,163.60289812088,34413
0x0030f75e27f6df16383f47ae11ae34abc21f5f2c,TYRANT.internalTransfer,0,0,1,,,,1,17.0974357128143,17.7236654758453,5302
0x0043a4a809be33afa17c1e3e37e19977622e4700,WithdrawableV2._withdrawAllSurcharges,0,0,1,1,,,,14.0070738792419,14.9711682796478,3125
0x00898f652934eff850886289a94d41cf9457e7af,FarmMain._mintFarmTokenAmount,1,1,1,,,,,27.9075818061829,33.6659617424011,5905
0x00898f652934eff850886289a94d41cf9457e7af,FarmMain._removeLiquidity,1,1,1,,,,,33.5789999961853,39.3219051361084,13037
0x00898f652934eff850886289a94d41cf9457e7af,FarmMain._toggleSetup,1,1,1,,,,,49.2186050415039,55.1178395748138,17370
0x00898f652934eff850886289a94d41cf9457e7af,FarmMain.addLiquidity,0,0,0,1,,,,11.1732976436615,16.8809642791748,1620
0x00898f652934eff850886289a94d41cf9457e7af,FarmMain.openPosition,1,1,1,,,,,24.5083744525909,30.2663066387177,7327
0x00898f652934eff850886289a94d41cf9457e7af,FarmMain.unlock,0,0,1,1,,,,8.86537671089172,14.6492733955383,1084
0x00898f652934eff850886289a94d41cf9457e7af,FarmMain.withdrawLiquidity,1,1,1,,,,,44.9525401592255,50.6564478874207,10366
0x00898f652934eff850886289a94d41cf9457e7af,FarmMain.withdrawReward,0,0,1,1,,,,11.0378363132477,16.8629188537598,1149
0x00b25822e3b8f8720b327f2df8e7c6f96271c8dc,JINJAINU.ContractTransfer,0,0,0,,,,1,11.510853767395,11.9306621551514,4286
0x00b6358d1ac8d3731defd6b4d593b6ba04f9b8ea,EtherRolling.emergencyWithdraw,0,0,1,,,1,,10.4139313697815,16.6052842140198,1775
0x00b6358d1ac8d3731defd6b4d593b6ba04f9b8ea,EtherRolling.withdraw,0,0,1,,,1,1,14.773886680603,20.8812625408173,4070
0x00dd5ad8f5d9c5118bceeb526c55ea6b2c07e922,Venify._transfer,0,0,0,,,,1,54.7405869960785,58.7167868614197,12359
0x00fe8ef58dc8282cac6e1d275acf0821c5084e88,Wallet.confirm,0,0,0,1,,,,7.4844822883606,18.4491789340973,1068
0x01fd49a2042e962eb9b4f7fa1efaa8eac4cefeed,Finplether.doInvest,1,1,1,,,,,39.3019134998322,50.2228527069092,9223
0x02dd48ff449f57a4632c39068e0ca0f4325c3a8d,CB_BANK.Collect,1,1,1,,,,,11.0161590576172,21.6083703041077,1654
0x0321be5f545ea569424aace4dc08d60f467229ac,BlackErc20.mintProof,0,0,1,,,,1,20.6323931217194,21.3370027542114,5656
0x03358425ada4620246dd703dc1f2246b8e148d22,BoomerangLiquidity.payout,1,1,1,,,,,22.9778230190277,33.5618424415588,3730
0x03fb31bb6def4dd3a7ea3b0fa6bdecc940e75795,BrokerV2.bid,1,1,1,,,,,26.1999361515045,34.4132273197174,9271
0x03fb31bb6def4dd3a7ea3b0fa6bdecc940e75795,BrokerV2.buy,1,1,1,,,,,24.3573007583618,32.5658257007599,4968
0x03fb31bb6def4dd3a7ea3b0fa6bdecc940e75795,BrokerV2.collect,1,1,1,,,,,18.4850087165833,26.6736390590668,3505
0x03fb31bb6def4dd3a7ea3b0fa6bdecc940e75795,BrokerV2.withdrawERC20,0,0,0,1,,,,6.20427012443543,14.3947279453278,1019
0x0453aa2dafff030614d9afef6c724ec2bee60876,SwifyStaking.closePosition,0,0,0,,1,,,4.15080738067627,4.43870520591736,1042
0x0461c4e4b916bfc9449f853c7a854033b43c3a6c,Auction.start,0,0,0,,1,,,4.28175067901611,11.3059453964233,1014
0x049658b3cc6ec345aaf2be7233a33da24ee82150,Bozu.internalTransfer,0,0,1,,,,1,11.271030664444,11.9004182815552,4209
0x04d660832910ff492e940daff9ec7b3497e886ac,Revolution2.doInvest,1,1,1,,,,,47.2062067985535,58.3584766387939,8409
0x04f062809b244e37e7fdc21d9409469c989c2342,Joyso.migrateByAdmin_DQV,0,0,0,1,,,,7.2650318145752,19.5804190635681,1016
0x051bda85fbc58ace9d6060ba9488abe120ac072d,CRYPTOVATOR._transfer,0,0,0,,1,,,19.826797246933,20.6957011222839,6935
0x0544ada225de796baa4030877314a96faacea7fc,ExclusiveDividendTracker._withdrawDividendOfUser,0,0,0,,,1,,14.2675263881683,16.1016383171082,3851
0x0544ada225de796baa4030877314a96faacea7fc,ExclusiveDividendTracker.process,0,0,0,,,1,,34.0556967258453,35.8232352733612,10231
0x05af72594440cf75c0fdcbbd9993fc26f62c7afc,TwelveHourAuction.buy,0,0,1,,,1,1,114.481478691101,125.222815275192,29804
0x06012c8cf97bead5deae237070f9587f8e7a266d,KittyBreeding.giveBirth,0,0,1,,,,1,18.6000447273254,30.3636817932129,4147
0x0608d0d987ca8371af38fa0b6e028760110b987e,DeflatLottoBurn.fallback,0,0,1,,,1,1,15.2341132164001,25.8271629810333,2479
0x064c81842a12127759b85f3b2d261abcacc2bfb0,VotingChallenge.sendReward,0,0,1,,,1,1,16.4542770385742,24.2486424446106,3716
0x0654b7f747c9ee9f5fb5eba443e9fe64f1fa77ef,SAFX._transferFrom,0,0,0,,1,,1,13.8601803779602,14.2167365550995,4251
0x066416dc99bea2c852e46acf88128480479cf191,bebBUYtwo.DayQuKuan,0,0,1,,,1,1,22.1866548061371,32.9440226554871,3966
0x066416dc99bea2c852e46acf88128480479cf191,bebBUYtwo.DayQuKuanUsdt,0,0,1,,,1,1,27.5558881759644,38.2942588329315,4755
0x066416dc99bea2c852e46acf88128480479cf191,bebBUYtwo.quhuiBET,0,0,1,,,1,1,15.7581958770752,26.6408061981201,2610
0x066416dc99bea2c852e46acf88128480479cf191,bebBUYtwo.setETH,0,0,1,,,,1,11.8298718929291,22.6466808319092,2229
0x066416dc99bea2c852e46acf88128480479cf191,bebBUYtwo.setUSDT,0,0,1,,,,1,16.7617385387421,27.5512797832489,3193
0x066416dc99bea2c852e46acf88128480479cf191,bebBUYtwo.setVoteFandui,0,0,1,,,,1,28.8530933856964,39.7313432693482,6150
0x066416dc99bea2c852e46acf88128480479cf191,bebBUYtwo.setVoteZancheng,0,0,1,,,,1,13.3985502719879,24.2270288467407,4164
0x06ef66ab59919e1c3b25ad4732a002f644fe0f8e,MonkeyScam.determinePID,0,0,1,,,,1,36.2444069385529,47.925390958786,5079
0x06ef66ab59919e1c3b25ad4732a002f644fe0f8e,MonkeyScam.endRound,0,0,0,,,,1,26.1666061878204,37.757128238678,6540
0x0719feee345bf34877d0a1f2c1c40fcdf0f1c3e8,charge.claimFarmedToken,0,0,1,,1,,,14.5942595005035,15.4140844345093,3440
0x07a6ebf8549dd5cfdf201f6de9e7487113434dd7,Multiplier.pay,0,0,1,,,1,,13.9558281898499,24.6744167804718,5171
0x07a6ebf8549dd5cfdf201f6de9e7487113434dd7,Multiplier.refunding,0,0,1,,,1,,13.4223394393921,24.2600901126862,4976
0x07a6ebf8549dd5cfdf201f6de9e7487113434dd7,Multiplier.singleRefunding,0,0,1,,,1,,13.2702975273132,24.0475969314575,4701
0x07c1c8c2bce6290daa554118b7d208041615ce54,RC.refundEther,0,0,0,1,,,,4.49265670776367,15.4486162662506,989
0x07c1c8c2bce6290daa554118b7d208041615ce54,RC.takeEther,0,0,0,,,,1,28.82759308815,39.6811249256134,5090
0x07c1c8c2bce6290daa554118b7d208041615ce54,RCpro.refundEther,0,0,0,1,,,,4.68303942680359,15.6445837020874,1022
0x07c1c8c2bce6290daa554118b7d208041615ce54,RCpro.takeEther,0,0,0,,,,1,25.8742039203644,36.7803790569305,5281
0x07ef026be5f1452f494e7af1b13a3333d5cd2d23,DividendDistributor.distributeDividend,0,0,1,,,,1,14.9466288089752,15.4804334640503,3334
0x07ef026be5f1452f494e7af1b13a3333d5cd2d23,IceMachine._transferFrom,0,0,1,,1,,,40.2453517913818,40.7058761119843,12752
0x081d8a340d384cffca0c2dafbf45020d760d7576,SOLIDBLOCK.transferFrom,0,0,0,,1,,,18.5265412330627,19.3969933986664,5684
0x08715190074e24cf2145e8a61b784a1b5ac9a505,DogeviathanBasic.createCollectible,1,1,1,,,,,31.1790606975555,38.521518945694,7712
0x08759550264b7f8078d95eff8a0577001c833483,Canvas.buy,1,0,1,,,,,10.1207365989685,17.2396914958954,2060
0x08cce68cfe23bbf13e3151c2a43dcc02623710d6,MoneyPrinter.distributeDividend,0,0,1,,,,1,24.2978839874268,28.3545422554016,5104
0x08cce68cfe23bbf13e3151c2a43dcc02623710d6,SaylorsLastHope._transfer,0,0,0,,1,,,23.4819540977478,27.4537627696991,5410
0x091ac882e57b89e071c8b153be3aab668a80303d,Town.claimExternalTokens,1,1,1,,,,,16.0086343288422,24.2361669540405,6393
0x091ac882e57b89e071c8b153be3aab668a80303d,Town.claimFunds,0,0,1,,,1,,12.2858989238739,20.4943897724152,1668
0x091ac882e57b89e071c8b153be3aab668a80303d,Town.getTownTokens,0,0,1,,,1,1,20.5434024333954,28.7494449615479,4626
0x091ac882e57b89e071c8b153be3aab668a80303d,Town.remuneration,0,0,1,,,,1,19.297544002533,27.5103225708008,4295
0x092e038af43a42e0332810db3f50b923fb256ff0,Free3.claim,0,0,1,,,1,1,39.9680497646332,41.3961956501007,3961
0x097a5e3d974332aa5612675caaaeb117091dc743,CoolUncle.distributeDividend,0,0,1,,,,1,19.5305323600769,23.3841700553894,4042
0x097a5e3d974332aa5612675caaaeb117091dc743,ShibaUncle._transfer,0,0,0,,1,,,32.4946842193604,36.4391162395477,6240
0x099764910a38190bbd317857e635e6f461b11119,IronHands.payout,1,1,1,,,,,17.4369721412659,28.215785741806,5269
0x09a80172ed7335660327cd664876b5df6fe06108,Distribution.doPayments,0,0,1,,,1,,6.76670670509338,17.6809985637665,1365
0x09a80172ed7335660327cd664876b5df6fe06108,OMPxContract.getFee,0,0,1,,,,1,18.2134783267975,29.1918287277222,2954
0x09ab651217b86d1ee7236e0fad1ebb19185fe769,MonkeyScam.determinePID,0,0,1,,,,1,32.1325397491455,43.7754745483398,5056
0x09ab651217b86d1ee7236e0fad1ebb19185fe769,MonkeyScam.endRound,0,0,0,,,,1,29.1414136886597,40.675231218338,5382
0x09d063d9950cdf02d545ec6fb0166491e3ea4fd2,BEAST._transfer,0,0,0,,1,,,29.1440072059631,33.1237246990204,5457
0x09d063d9950cdf02d545ec6fb0166491e3ea4fd2,BensRevival.distributeDividend,0,0,1,,,,1,33.5157721042633,37.3666799068451,5083
0x09f5f9413cefd61044db02940540155507bdcc55,TwoCoinsOneMoonGame.withdraw,0,0,0,,,,1,14.3439946174622,24.9937520027161,2010
0x09f6a183dc0375ccf8032c367881f3aafb5342ef,Bussiness.buy,0,0,1,,,1,1,13.174099445343,23.7131261825562,1895
0x09f6a183dc0375ccf8032c367881f3aafb5342ef,Bussiness.buyByUsdt,0,0,1,,,,1,12.6031169891357,23.3200924396515,2101
0x09f6a183dc0375ccf8032c367881f3aafb5342ef,Bussiness.removePrice,0,0,0,,,1,,14.3818218708038,25.0675597190857,2055
0x0a42ef719ee77820993b27369089ae2c6bd6ced5,dapMultisig.executeTokenTxn,0,0,0,1,,,,3.51525735855103,14.5145080089569,1101
0x0a42ef719ee77820993b27369089ae2c6bd6ced5,dapMultisig.executeTxn,0,0,0,1,,,,4.52368807792664,15.414662361145,1086
0x0a5a0a14419f9db1da68cf2f550720e5df49d4fe,YZYVault._sendLotteryAmount,0,0,1,,,,1,15.6514618396759,20.6569981575012,4588
0x0a5a0a14419f9db1da68cf2f550720e5df49d4fe,YZYVault.stake,0,0,0,,,,1,203.099796295166,208.109586000443,46566
0x0a5a0a14419f9db1da68cf2f550720e5df49d4fe,YZYVault.unstake,0,0,1,,,,1,171.005511283875,176.011825323105,36437
0x0a5b38ac2d24c4fafc19ceb2591b70ece0d005d1,Daoclub.liquidate,0,0,1,,,1,1,6.41737198829651,7.02648234367371,1146
0x0a5b38ac2d24c4fafc19ceb2591b70ece0d005d1,Daoclub.redemptionApproveOne,0,0,0,1,,,,4.30778384208679,4.9188883304596,963
0x0a5b38ac2d24c4fafc19ceb2591b70ece0d005d1,Daoclub.subscriptionCancel,0,0,1,,,1,1,14.5858342647552,15.2532279491425,2752
0x0aabf9daefcd484405479d2748cbaedb53c33d87,DividendPayingToken._withdrawDividendOfUser,1,1,0,,,,,16.6748659610748,21.9206273555756,3166
0x0aabf9daefcd484405479d2748cbaedb53c33d87,MRFROG.updateDividendTracker,0,0,0,1,,,,5.02057576179504,10.3402800559998,994
0x0aabf9daefcd484405479d2748cbaedb53c33d87,MRFROGDividendTracker.process,0,0,0,1,,,,12.147057056427,17.3848543167114,2768
0x0af27f9be4ac583a491ee6573ebdccf32d1b561c,TheBureau121._RFT,0,0,0,1,,,,5.19315600395203,6.06168818473816,1023
0x0af27f9be4ac583a491ee6573ebdccf32d1b561c,TheBureau121.transferOwner,0,0,0,1,,,,4.94968700408936,5.79475498199463,1014
0x0b452278223d3954f4ac050949d7998e373e7e43,SUZUME.intializeContract,0,0,0,1,,,,6.29360556602478,6.97308850288391,1003
0x0b452278223d3954f4ac050949d7998e373e7e43,SUZUME.transferOwner,0,0,0,1,,,,5.06259369850159,5.76690030097961,1021
0x0b5ecbb411d8fe829e5eac253ee1f2dc05d8d1ae,KUNOICHIX._transfer,0,0,0,,1,,,17.5991747379303,18.5289187431335,5066
0x0b9e8415f47da353ccc7ad58234321f50d49063a,Emeejis.orderEmeejis,0,0,0,,1,,,8.91227293014526,9.29981088638306,3204
0x0bc95951bb59d6fd063ce7ad5c3b3dcaace98132,ViVICO.contribute,0,0,1,,,,1,28.307332277298,39.3709065914154,7397
0x0c073c92e7684031cfc297b83ecc33619e864d18,XetherGames.placeBet,0,0,1,,,,1,26.7955484390259,35.5679090023041,5117
0x0c073c92e7684031cfc297b83ecc33619e864d18,XetherGames.placeBetRoulette,0,0,1,,,,1,31.6548418998718,40.4023928642273,5053
0x0c073c92e7684031cfc297b83ecc33619e864d18,XetherGames.sendDividends,0,0,1,,,,1,16.0417418479919,24.9561247825623,3006
0x0c2795fc4e1f57614eb78923dc78521ff0676fb8,BitChordCrowdsale.buy,0,0,1,,,1,,25.9854202270508,38.8156895637512,5428
0x0c78003843b4a72b765938cb3b14aecb188dbc6a,Crowdsale.__callback,0,0,1,1,,,,6.99991822242737,19.9422142505646,924
0x0c78003843b4a72b765938cb3b14aecb188dbc6a,Crowdsale.buyTokens,0,0,0,,,1,1,33.0304882526398,46.0483229160309,6361
0x0c7e06db03aee1d592887deeb5cd20ce79f7bdbe,VotingChallenge.sendReward,0,0,1,,,1,1,16.5108540058136,24.203072309494,3643
0x0c8f5a446e8df687dfa460d743cf3fc73a6b1676,Wallet.confirm,0,0,0,1,,,,62.4153907299042,76.097017288208,11113
0x0cb0a2136f2e80662eb5c50b96bfa3de85f335ce,IGLOO._transferFrom,0,0,0,,1,,,13.0090358257294,14.3957142829895,3507
0x0ceae0bd68f89e41a1ed5dc20ca930c0c41856d7,EscrowGoods.arbYes,0,0,0,1,,,,5.26904845237732,16.0836329460144,1054
0x0ceae0bd68f89e41a1ed5dc20ca930c0c41856d7,EscrowGoods.getFees,0,0,0,1,,,,5.51456499099731,16.326388835907,1014
0x0ceae0bd68f89e41a1ed5dc20ca930c0c41856d7,EscrowGoods.getMoney,0,0,0,,1,,,15.027414560318,25.8548171520233,4296
0x0ceae0bd68f89e41a1ed5dc20ca930c0c41856d7,EscrowGoods.yes,0,0,0,,1,,,31.9056448936462,42.7247006893158,9978
0x0d5a83d8b2dd05cbb7183824dc71b31d3e6d838e,SEISHI.transferFrom,0,0,1,,1,,,21.850476026535,22.3288080692291,5865
0x0d75899cab4eec7b22b5bf3d4dd4d965ada8a8cb,FUEGO.transferFrom,0,0,1,,1,,,21.5931916236877,22.0909750461578,6129
0x0d7c864bf6c86bf11da2c8068b4c4edee4d76080,DappVolumeAd.updateAd,0,0,1,,,1,,6.7827365398407,17.3737752437592,1821
0x0d7c864bf6c86bf11da2c8068b4c4edee4d76080,DappVolumeAd.updateInvestor,0,0,0,,,1,,7.07081055641174,17.7194583415985,1473
0x0d7e1053924599ceac270d3a28b839282781ecec,ExchangerV4.buy,0,0,0,,,,1,17.0802657604218,27.907030582428,2862
0x0e24224484c7e445438ae9ed9b03a0108ad798f2,ChipToken._transfer,0,0,0,,1,,,13.1750190258026,17.0836822986603,4204
0x0e30bc9512306534b85afd0c75065b455af55d45,COPIUM._transfer,0,0,0,,1,,,15.1425769329071,21.5096447467804,4079
0x0e33ca464b1c76a384039eb1b7e9dc3b0416b5ae,NamiExchange.buyNac,0,0,1,,,,1,22.1543445587158,33.2654366493225,3579
0x0e33ca464b1c76a384039eb1b7e9dc3b0416b5ae,NamiExchange.closeAskOrder,0,0,0,,,,1,17.2460930347443,28.5043470859528,2498
0x0e33ca464b1c76a384039eb1b7e9dc3b0416b5ae,NamiExchange.closeBidOrder,0,0,1,,,1,,9.52429866790772,20.6866858005524,1440
0x0e33ca464b1c76a384039eb1b7e9dc3b0416b5ae,NamiExchange.sellNac,0,0,1,,,,1,27.6270387172699,38.7622532844543,3596
0x0e33ca464b1c76a384039eb1b7e9dc3b0416b5ae,NamiPool._withdrawNAC,0,0,0,,,,1,35.217782497406,46.4052181243897,5873
0x0e33ca464b1c76a384039eb1b7e9dc3b0416b5ae,NamiPool.withdrawTop,0,0,1,,,1,,8.47766470909119,19.7065877914429,1653
0x0e3ea79e194aef78b69209447f0f6c17ed96a5d6,Web3NameService.allowListSubdomain,0,0,1,,,1,,16.5514650344849,18.4689989089966,4399
0x0e3ea79e194aef78b69209447f0f6c17ed96a5d6,Web3NameService.register,0,0,0,,,1,,10.4167821407318,12.4341065883636,1865
0x0e3ea79e194aef78b69209447f0f6c17ed96a5d6,Web3NameService.registerSubdomain,0,0,1,,,1,,7.58186602592468,9.46515321731567,1894
0x0e82b29a77a53880dd4ee8326cfea9b4c68db638,DappIncubator.transfer,0,0,0,,1,,,12.5710589885712,17.5390410423279,4301
0x0e9186d1d0c7aa2212e3f42405eda1bc35d826a9,dividendsContract.collectDividends,0,0,1,,,,1,27.1015152931213,38.0268096923828,5072
0x0e94278497e51629c78697dac758fded6c8f188f,Dividends.fallback,0,0,1,,,1,1,12.5687029361725,23.1190547943115,2024
0x0eabed78fd49ad3c0a3e445954f29522025c09a0,WOAI.reserveWoai,0,0,0,1,,,,6.13190722465515,11.1826822757721,1011
0x0eb65b4c3d3de340e1b15384f8f211784247a37a,ReserveAuctionMarketplace._removeReserveAuctionListing,0,0,1,,1,,,5.32381892204285,6.72654223442078,963
0x0efef0b34638addc8833ba729ae20016b5f24ffc,WithdrawContract.withdraw,0,0,1,,,,1,72.8687918186188,83.6562197208405,14131
0x0f6423618083e15989be7e4208c222cf759f99fb,TradableErc20.makeLiquidity,0,0,0,1,,,,4.86760497093201,5.41330718994141,1043
0x0f7f8ca2c9b617b4dabb1a16c3e2dc5d83faf907,PreOrder.confirmOrder,0,0,1,,,,1,11.2935011386871,21.9613795280457,2133
0x0ffaa8eeb2ee18c9174e4c5d6af6ce48199c6879,Sargasso.ETHsend,0,0,0,,1,,,10.0581228733063,17.2787046432495,2804
0x0ffaa8eeb2ee18c9174e4c5d6af6ce48199c6879,Sargasso.addKey,0,0,0,,1,,,14.625661611557,21.9039585590363,2917
0x0ffaa8eeb2ee18c9174e4c5d6af6ce48199c6879,Sargasso.deposit,0,0,1,,1,,,10.4476110935211,17.678484916687,3047
0x0ffaa8eeb2ee18c9174e4c5d6af6ce48199c6879,Sargasso.emergencyWithdraw,0,1,0,,1,,,17.1841590404511,24.4100449085236,3523
0x0ffaa8eeb2ee18c9174e4c5d6af6ce48199c6879,Sargasso.paySubscription,0,0,0,,1,,,12.0906457901001,19.2970840930939,2450
0x0ffaa8eeb2ee18c9174e4c5d6af6ce48199c6879,Sargasso.preApproveTokens,0,0,0,,1,,,14.2019209861755,21.44207072258,2926
0x0ffaa8eeb2ee18c9174e4c5d6af6ce48199c6879,Sargasso.sendtoRecipient,0,0,1,,1,,,13.9499611854553,21.1850879192352,3825
0x0ffaa8eeb2ee18c9174e4c5d6af6ce48199c6879,Sargasso.tokenSend,0,0,0,,1,,,13.918847322464,21.1717257499695,3033
0x0ffaa8eeb2ee18c9174e4c5d6af6ce48199c6879,Sargasso.withdraw,0,0,1,,1,,,10.4978244304657,17.7260029315949,3004
0x10452f898766f59a8514dc6856ff62bbdc6a0f51,Piggy_BNK.Collect,1,1,1,,,,,10.889139175415,21.4140412807465,1619
0x10819fae72282b9a594e34c647a7bc446ef4ad2e,CryptoFun.doInvest,1,1,1,,,,,33.5180506706238,44.2211771011353,5136
0x108523415a8cd7cb8ef2d6b12177181f489ec210,DividendDistributor.distributeDividend,0,0,1,,,,1,22.4231686592102,24.107173204422,4419
0x10bbbebacd34509b1388a528003dbb77c20b22ba,MappingTokenFactory._createMappingToken,0,1,1,,,,,22.6633956432343,29.4343199729919,3886
0x10bbbebacd34509b1388a528003dbb77c20b22ba,MappingTokenFactory.createMappableToken,0,1,1,,,,,15.3270750045776,22.35609126091,2438
0x10bbbebacd34509b1388a528003dbb77c20b22ba,MappingTokenFactory.createTokenMapped,0,1,1,,,,,17.5497267246246,24.5783357620239,2256
0x1190074795dad0e61b61270de48e108427f8f817,CoinMerge.teamWithdraw,0,0,1,,,1,,7.14435243606567,7.53499436378479,1382
0x119f4c9de5539fd053aed5091db4ba59f83330d7,DividendPayingToken._withdrawDividendOfUser,0,0,0,,,1,,17.2990453243256,18.3450002670288,2550
0x119f4c9de5539fd053aed5091db4ba59f83330d7,PENGUDividendTracker.process,0,0,0,1,,,,10.9957497119904,11.7449259757996,2802
0x121726eaab9965b918f00b9871c25c4baf5cc960,Event.distribute,1,1,0,,,,,12.459997177124,21.6282513141632,2196
0x125365069020439b830c9eac9dd402f8aa762569,RatScam.determinePID,0,0,1,,,,1,28.5879776477814,40.0715913772583,5099
0x125365069020439b830c9eac9dd402f8aa762569,RatScam.endRound,0,0,0,,,,1,21.3426451683044,32.7895164489746,4993
0x12d82d7cf17d909fb5808707136200ed200b6d52,Investment.processUserTransactions,0,0,0,1,,,,11.019454240799,13.2193751335144,987
0x12d82d7cf17d909fb5808707136200ed200b6d52,Investment.removeOrder,1,1,1,,,,,21.1135568618774,23.5757811069489,2528
0x12db622c98d75f6f19493d9acbc7479fe382ec44,TBECrowdsale.fallback,0,0,1,,,1,1,16.4469652175903,27.0154571533203,2272
0x132e2b67e91bf0294536b16d772e8dee099fc40c,Brave3d.overStage,0,0,1,,,,1,27.9502005577087,38.6046369075775,6761
0x132e2b67e91bf0294536b16d772e8dee099fc40c,Brave3d.withdraw,0,0,0,,,1,1,40.6459703445435,51.30806183815,8405
0x136e99a415957fc3f23e0a6885b22bcd0c475ab4,Voting.addDestructionProposal,0,0,0,,,1,1,40.9978058338165,51.7234241962433,7297
0x136e99a415957fc3f23e0a6885b22bcd0c475ab4,Voting.addRaiseTapProposal,0,0,0,,,1,1,41.7460114955902,52.8278787136078,7768
0x13d6cfd3b119dadaadd7561fe9a864064259bc56,SafeDif.distributeRef,0,0,0,,,1,,15.7564430236816,26.5759692192078,3272
0x13d6cfd3b119dadaadd7561fe9a864064259bc56,SafeDif.withdraw,0,0,1,,,1,,10.0150055885315,20.762362241745,2403
0x13ddd5c273a027608a42727a46f8250011645166,Fund.fundWithdraw,0,0,0,1,,,,4.08360004425049,14.7710473537445,984
0x143eea4413231878f58dc812b3dc6f22835a5dd6,cb_BANK.Collect,1,1,1,,,,,10.3681433200836,20.9250359535217,1640
0x150dbfc384ba5c13c304efd2efee73cc57cc2c16,Lottery10ETH.drawing,0,0,1,,,1,1,53.3561677932739,64.3046987056732,8801
0x150dbfc384ba5c13c304efd2efee73cc57cc2c16,Lottery10ETH.fallback,0,0,0,,,1,1,81.2743785381317,92.2296147346497,13574
0x15ada2a8e62134806a86db3030fefc0a2a13cc99,PonyBreeding.giveBirth,0,0,1,,,,1,32.3420758247376,45.7462401390076,5940
0x15ada2a8e62134806a86db3030fefc0a2a13cc99,PonyUpgrade.upgradePony,0,0,1,,,,1,20.202312707901,33.3044798374176,4023
0x15ed8dcd6d5d7c9e66a28cb70673389a5dc4fcf5,Depot.exchangeEtherForSynths,0,0,1,,,1,1,27.8588881492615,40.4745235443115,8141
0x15ed8dcd6d5d7c9e66a28cb70673389a5dc4fcf5,Synthetix.removeSynth,0,0,0,1,,,,8.60459995269775,21.0990395545959,1107
0x1684843a68f7e6489c666d524f178edb1af27772,BabyDubbz._transferFrom,0,0,0,,1,,,46.3106713294983,46.806113243103,13121
0x1684843a68f7e6489c666d524f178edb1af27772,DividendDistributor.distributeDividend,0,0,1,,,,1,17.8438944816589,18.7517943382263,3391
0x172e09691dfbbc035e37c73b62095caa16ee2388,Depot.exchangeEtherForSynths,0,0,1,,,1,,21.8838741779327,34.0434551239014,6316
0x172e09691dfbbc035e37c73b62095caa16ee2388,Synthetix.removeSynth,0,0,0,1,,,,8.0682897567749,20.427220582962,1119
0x1806b3527c18fb532c46405f6f014c1f381b499a,PlanetCryptoToken.buyLand,0,0,1,,,,1,142.831305265427,154.302433490753,40340
0x190956a704fbb70f0acce8338870771d17654952,MessierAnonymity.swapAndShare,0,0,0,1,,,,14.7789790630341,24.1838984489441,3766
0x1963737af12d3649f6f319fb64af2aa29f7256b7,MessierAnonymity.swapAndShare,0,0,0,1,,,,15.5737035274506,24.7498924732208,3940
0x19b423e5131d8e4996a18e69d0cb99674ba34c21,BuybackBabyToken._transferFrom,0,0,0,,1,,,61.0439476966858,62.4786441326141,11211
0x19b423e5131d8e4996a18e69d0cb99674ba34c21,DividendDistributor.distributeDividend,0,0,1,,,,1,22.0469074249268,23.477942943573,3788
0x1a050d77003caee532df18d04d86b99ca15bf9e8,POOHMO.determinePID,0,0,1,,,,1,34.3709211349487,45.6737546920776,6287
0x1a050d77003caee532df18d04d86b99ca15bf9e8,POOHMO.endRound,0,0,0,,,,1,24.7166087627411,36.0100107192993,6053
0x1a9206cd9a4c59967ca728ca96b15287b2fd4c7c,CoinFlip.refundFlip,0,0,0,,1,,,15.0425016880035,28.1151301860809,3733
0x1b6df88f60b6b7c2b7f9b6beec4a6b3841a10d6c,Primacorp.fallback,0,0,1,,,1,1,10.7424898147583,21.2534818649292,1597
0x1c1de57cc864072f7eab381c4c06b14a6963dd4b,ERC20dex.trade,0,0,0,1,,,,5.06932544708252,16.2726860046387,2169
0x1da73fc09ea07781482994036a0eecc7e6952dfb,TydoIco.refund,0,0,1,,,1,1,12.0875415802002,22.8586468696594,2079
0x1e887e7115321b4ee5d58dd446ec09e12b45d81b,GFarm.POOL1_unstake,0,0,1,,,,1,115.016283273697,120.112525463104,21748
0x1f42f986f9ef31d6ef787565b211bce0eb877bcc,GameWave.startPayments,0,0,0,,,1,,7.35456252098084,15.9787330627441,1447
0x20c476bb4c7aa64f919278fb9c09e880583beb4c,X3ProfitMainFundTransfer.fallback,0,0,1,,,,1,14.2707304954529,24.8945064544678,2596
0x214a8abb5fd89d3605c6cadb178f1748c36f6b8d,PAPE.openTrading,0,0,0,1,,,,6.5511679649353,7.03060293197632,967
0x2247fdc0e5de91ae589abfab8b99976d8e9f330b,BoomerangLiquidity.payout,1,1,1,,,,,16.8221032619476,28.2401340007782,3115
0x2268003d92ff03be6ca6da029f8d8127fd2f617e,ShortOrder.exerciseLong,1,1,1,,,,,15.6277358531952,27.5481102466583,3930
0x2268003d92ff03be6ca6da029f8d8127fd2f617e,ShortOrder.nonActivationShortWithdrawal,0,0,1,,,1,,8.8740553855896,20.7823855876923,1826
0x2268003d92ff03be6ca6da029f8d8127fd2f617e,ShortOrder.nonActivationWithdrawal,0,0,1,,,1,,10.9138977527618,22.8365094661713,1979
0x2268003d92ff03be6ca6da029f8d8127fd2f617e,ShortOrder.tokenFulfillmentDeposit,1,1,1,,,,1,21.2542839050293,33.1636908054352,5269
0x2463a3f13cea3ea308be5c23cc887fdf205653ea,ADAMPROJECT._transfer,0,0,0,,1,,,14.093177318573,18.0156648159027,3811
0x2463a3f13cea3ea308be5c23cc887fdf205653ea,ADAMPROJECT.swapBack,0,0,0,,1,,,4.55870795249939,8.46750974655151,1051
0x246fcdc18bf3781b4c5100b3a6decef8dbcc8a31,AIDOGEX._transfer,0,0,0,,,,1,41.6151511669159,45.2533614635468,10137
0x25061388ba6886d98110f7355e4f2c5912ae53c8,DividendDistributor.distributeDividend,0,0,1,,,,1,10.9531044960022,12.5708413124084,2349
0x2638a23a9118d5786b6a6529bf3c09c922d3cdad,Infernu.claimETH,0,0,0,,1,,,18.7546796798706,20.5337591171265,5699
0x2767e2ad18b358be2b511963a1b236b48203618c,BabyPOOF._transferFrom,0,0,0,,1,,,51.2963654994965,56.2286546230316,14339
0x2767e2ad18b358be2b511963a1b236b48203618c,DividendDistributor.distributeDividend,0,0,1,,,,1,17.358597278595,22.2637062072754,3413
0x284b0f2f49d072836db87dd25d0623cd2f622bb1,DesTokenSale.doPurchase,0,0,0,,,,1,29.9137868881226,40.692216873169,4466
0x28eeac83b9c843ef2fc6c78bcd860cab46aa88d0,DividendDistributor.distributeDividend,0,0,1,,,1,,16.6325221061707,17.165335893631,3312
0x28eeac83b9c843ef2fc6c78bcd860cab46aa88d0,PepeBonk._transferFrom,0,0,0,,1,,,41.0338213443756,41.5779876708984,9028
0x2934443c1749dcc0cdcabbd77098eea31d2ea6c3,xSNXCore.mint,0,0,0,,,,1,12.6546583175659,22.7057232856751,2772
0x2980b7c0c8e1a2c0bdecff55cde9e3576aaf9eaf,PiZZa.reinvestEarnings,0,0,0,,,,1,12.4589169025421,20.2421576976776,3248
0x2980b7c0c8e1a2c0bdecff55cde9e3576aaf9eaf,PiZZa.withdraw,1,1,0,,,,,18.3088221549988,26.49955701828,3103
0x299e52c5d34596c05a04b61514dd79808167015a,TreasureHunt.unlockTreasure,0,0,1,,,1,1,17.1408610343933,24.8110637664795,2836
0x29aa20fb9b23421e310bdb8a7cfb81d7fbb4a1b3,SharkPool.do_redemption,0,0,1,,,,1,18.4269082546234,29.0988523960114,3587
0x2aeee16d8412beabc5f38a6995ee5e4d32ab7f9d,RAGE._transfer,0,0,0,,1,,,13.9998095035553,15.5508868694305,3699
0x2c125240e472e752bcfd1627ff7632b6c5265b2e,Bussiness.buy,0,0,1,,,1,1,16.0985660552979,26.8097348213196,3128
0x2c125240e472e752bcfd1627ff7632b6c5265b2e,Bussiness.buyByUsdt,0,0,1,,,,1,15.4608089923859,26.1866970062256,2161
0x2c125240e472e752bcfd1627ff7632b6c5265b2e,Bussiness.removePrice,0,0,1,,,1,1,16.0100114345551,26.7599806785584,2487
0x2c125240e472e752bcfd1627ff7632b6c5265b2e,Bussiness.setPriceFeeHBWALLET,0,0,1,,,1,1,16.7243378162384,27.381973028183,2610
0x2cc6ca9c3023a6a876fd54a03f68281c7aad0e8b,Escrow.fundICO,0,0,0,1,,,,16.4870839118958,27.4216938018799,3869
0x2cc6ca9c3023a6a876fd54a03f68281c7aad0e8b,ICO.finalize,0,0,0,1,,,,4.94077944755554,15.8855090141296,1070
0x2cc6ca9c3023a6a876fd54a03f68281c7aad0e8b,Tokens.refundTokens,0,0,0,,1,,,6.45176887512207,17.4458866119385,1120
0x2cc6ca9c3023a6a876fd54a03f68281c7aad0e8b,Tokens.transfer,0,0,0,,1,,,11.038587808609,22.0525288581848,1221
0x2cc6ca9c3023a6a876fd54a03f68281c7aad0e8b,Tokens.transferFrom,0,0,0,,1,,,7.20535588264465,18.2911350727081,1197
0x2cf5694906bdd80f33bac7cb80183f1c61bc5be2,PaymentProcessor.processPayment,0,0,0,1,,,,4.13713765144348,15.0940501689911,1000
0x2d5df43d54ae164a912db8de092cf707b446f693,CA_BANK.Collect,1,1,1,,,,,8.95781660079956,19.5408699512482,1639
0x2e09a70dca6ab05505b26382003912783e588f9c,PhantomProject.swapAndLiquify,0,0,0,,1,,,7.59678983688355,15.0393283367157,1048
0x2e6d72d5948c0cb0b9ac1adc2034e16d02cdabda,MILADYXP._transfer,0,0,0,,1,,,12.5632491111755,14.0275993347168,3485
0x300af88747b3f913012753071f209b48b30ea1ac,BabyApe._transfer,0,0,0,,1,,,31.470883846283,32.0080361366272,11531
0x300af88747b3f913012753071f209b48b30ea1ac,DividendDistributor.distributeDividend,0,0,1,,,,1,14.3164277076721,14.7596113681793,2707
0x308af1c4759dcb9f2ac2accdcd301862702df40f,Escrow.cancelTokenTransaction,0,0,1,1,,,,11.8973798751831,22.5949563980103,3423
0x308af1c4759dcb9f2ac2accdcd301862702df40f,Escrow.cancelTransaction,0,0,1,1,,,,7.65268182754517,18.3485705852509,1848
0x308af1c4759dcb9f2ac2accdcd301862702df40f,Escrow.createTokenTransaction,0,0,0,1,,,,6.83270692825317,17.581093788147,1094
0x308af1c4759dcb9f2ac2accdcd301862702df40f,Escrow.releaseFunds,0,0,1,1,,,,7.2934000492096,18.1365926265717,2096
0x308af1c4759dcb9f2ac2accdcd301862702df40f,Escrow.userRecover,0,0,0,,,,1,57.667742729187,68.3579778671265,11989
0x30f85ebcfac9f6dd69503955e95ab7f55fa3fdec,EthTokenToSmthSwaps.createSwap,1,1,1,,,,,16.1883380413055,26.8190116882324,1951
0x30f85ebcfac9f6dd69503955e95ab7f55fa3fdec,EthTokenToSmthSwaps.createSwapTarget,1,1,1,,,,,9.583247423172,20.264044046402,1690
0x30f85ebcfac9f6dd69503955e95ab7f55fa3fdec,EthTokenToSmthSwaps.refund,1,1,1,,,,,13.5859062671661,24.2145123481751,3332
0x30f85ebcfac9f6dd69503955e95ab7f55fa3fdec,EthTokenToSmthSwaps.withdraw,1,1,1,,,,,14.6162073612213,25.3389399051666,3541
0x30f85ebcfac9f6dd69503955e95ab7f55fa3fdec,EthTokenToSmthSwaps.withdrawNoMoney,1,1,1,,,,,13.4748904705048,24.0922510623932,3439
0x3114b3312417b27a83bfd934764eee363d1e9325,Dice.__callback,0,0,0,1,,,,20.8981075286865,30.704977273941,6843
0x31718bcf61910b6760ec5fc6aaa8a6a0110af902,PepFarmer.reapFarm,0,0,1,,,,1,8.92095518112183,19.4790647029877,1550
0x32ed067fb79b38b65e1fdd2bcc8c81078b866c3b,$BITCOINReflections._transferFrom,0,0,0,,1,,,44.3218672275543,44.7872412204742,12693
0x32ed067fb79b38b65e1fdd2bcc8c81078b866c3b,DividendDistributor.distributeDividend,0,0,1,,,,1,16.3180446624756,17.0156352519989,3423
0x32fd0a9206c6ada63ceb2738449261e3a876bbf6,Town.claimExternalTokens,1,1,1,,,,,15.737779378891,20.7422726154327,6458
0x32fd0a9206c6ada63ceb2738449261e3a876bbf6,Town.claimFunds,0,0,1,,,1,,7.69156098365784,12.6676115989685,1633
0x32fd0a9206c6ada63ceb2738449261e3a876bbf6,Town.getTownTokens,0,0,1,,,1,1,18.7869482040405,23.7642226219177,4758
0x32fd0a9206c6ada63ceb2738449261e3a876bbf6,Town.remuneration,0,0,1,,,,1,17.1053791046143,22.103821516037,4430
0x356598a62aed83950e724db6e62b10b1027e33e2,RuneLock._releaseTokens,1,1,1,,,,,16.7241485118866,16.9826281070709,3260
0x356598a62aed83950e724db6e62b10b1027e33e2,RuneLock.lockTokens,1,1,1,,,,,23.4706919193268,23.7243535518646,4464
0x37238583c041a2f51964f23fde2710c4fbd29e9e,BATMO.determinePID,0,0,1,,,,1,28.5202648639679,39.8406059741974,6260
0x37238583c041a2f51964f23fde2710c4fbd29e9e,BATMO.endRound,0,0,1,,,,1,25.5730035305023,37.0578436851502,7622
0x372bf2843c4e4e2f6f7fba9e2e6dbe6adf2b760f,HayReflections.distributeDividend,0,0,1,,,1,,21.2474319934845,25.2758667469025,4096
0x372bf2843c4e4e2f6f7fba9e2e6dbe6adf2b760f,hayr._transfer,0,0,0,,1,,,23.7222156524658,27.5970268249512,5526
0x3775876e537df71b60061151b39bcfb638f832f5,DividendDistributor.distributeDividend,0,0,0,,,1,,13.8206338882446,14.5945570468903,2300
0x37e343f2cc245754595f1ae3656b460c35d636fb,BalanceManager.systemWithdraw,0,0,0,1,,,,5.67363262176514,16.4082524776459,1032
0x37e343f2cc245754595f1ae3656b460c35d636fb,BalanceManager.withdraw,0,0,1,,,,1,10.892263174057,21.4722321033478,2038
0x380e0f015c0a830dc5d25e5f99570ad0be275350,Button.close,0,0,0,,,1,1,12.8347706794739,23.4581544399261,1917
0x38721079a72030ab1817fb9e1aaa86ae0d08356f,Investment.removeFromPool,1,1,1,,,,,18.0371472835541,20.216007232666,3579
0x3c9bdc41ef0c823a43bd16fe2392a9217dc70215,LiquidityPool.migrateTokens,0,0,1,,,,1,19.6320295333862,26.7543165683746,4151
0x3c9bdc41ef0c823a43bd16fe2392a9217dc70215,LiquidityPool.reinvestRewards,0,0,0,,,,1,29.158411026001,36.435521364212,5514
0x3f513977cd827428e0459fdef7217cd6272dc893,KittenSelfDrop2.fallback,0,0,1,,,,1,17.5828363895416,28.1931550502777,3388
0x400e115f1be2b646139c298272a43b2cff2b127e,PiggY_BANK.Collect,1,1,1,,,,,8.6079318523407,19.1512508392334,1620
0x40da24a66f729d0bd0453681c5a6506bdc2a7a6a,CrwdTimelock.release,0,0,1,,,,1,12.3685371875763,23.2286834716797,1845
0x41021442eab722c0a52c61738550faabfd0fca4e,Crowdsale.fallback,0,0,0,,,,1,19.6743121147156,30.3189053535461,2311
0x42a4a749123469ca6a8b6ca494b1953076a26ef7,SendTokensContract.withdrawTokens,0,0,1,,,,1,17.0228180885315,27.6756279468536,2875
0x4470887011bbf1e196b62020266aa5ae1081bd70,Deposit.ClaimMTU,0,1,1,,,1,1,16.3798162937164,27.1000237464905,2660
0x4470887011bbf1e196b62020266aa5ae1081bd70,Redeem.RedeemMTU,0,1,1,,,1,1,13.671567440033,24.3681921958923,2606
0x463f235748bc7862deaa04d85b4b16ac8fafef39,PrivateBank.CashOut,1,1,1,,,,,6.488445520401,17.0018949508667,1533
0x465cd6299775dc459a23c80997d2664656be9780,SafeDif.distributeRef,0,0,0,,,1,,9.95809936523438,20.7648034095764,3918
0x465cd6299775dc459a23c80997d2664656be9780,SafeDif.withdraw,0,0,1,,,1,,7.15047407150269,17.907550573349,2392
0x46cefba4dd7512b2449e1ac4b730bfb7f77d1407,DecentralizedExchangeHotPotato.buy,0,0,0,,,1,,6.62862920761108,17.2626020908356,1667
0x46cefba4dd7512b2449e1ac4b730bfb7f77d1407,DecentralizedExchangeHotPotato.revoke,1,1,1,,,,,13.3802540302277,23.9599394798279,4001
0x470142a1834438515b757118f322703aba6e1e05,PolicyPalNetworkAirdrop.signatureDropMultipleAmount,0,0,0,1,,,,8.187335729599,18.9965806007385,1023
0x470142a1834438515b757118f322703aba6e1e05,PolicyPalNetworkAirdrop.twitterDropMultipleAmount,0,0,0,1,,,,3.32888126373291,14.0700163841248,1017
0x479cbe1f6a7fa4d7e304ae983803c46e85ced870,Slaughter3D.tryFinalizeStage,0,0,1,,,1,,7.76146459579468,18.4698219299316,5359
0x4bb12d68c795462c12ec30ad82421218d9c32a7d,Crowdsale.safeWithdrawal,0,0,0,,,1,,9.40274715423584,20.0836803913117,2764
0x4e61ba9c25d43e802c6be8d160432e4989dea1fc,IOU.withdraw,0,0,0,,,,1,7.78950262069702,18.3994212150574,3761
0x4e73b32ed6c35f570686b89848e5f39f20ecc106,PRIVATE_ETH_CELL.Collect,1,1,1,,,,,7.15236687660217,17.7596852779388,1575
0x4f0499f4da2d75d03fcc2dc2d97ffae976246809,VestingContractWT.transfer,0,0,1,,,,1,12.2072677612305,22.7891039848328,2618
0x5211475520dc4a13fee1cc7c2c0c1167998bcbb8,AuctionContract.closeAuction,0,0,1,1,,,,15.6328186988831,26.3018455505371,4202
0x530a9cceee0c45f58229ae5c256e414e6df957ad,ABIO_BaseICO.burnRestTokens,0,0,1,,,,1,10.4232251644135,21.1456382274628,3285
0x533411c7c401ee3a136ddc7a2fc95d6624c9e041,VestingContractWTTEST.transfer,0,0,1,,,,1,10.4684977531433,21.046117067337,2667
0x561eac93c92360949ab1f1403323e6db345cbf31,BANK_SAFE.Collect,1,1,1,,,,,6.82149434089661,17.4001667499542,1643
0x57acbe7bf11b8a4584403cc900e230a18a7ab138,Locker.unlock,0,0,0,,,,1,7.06951642036438,14.7209844589233,2359
0x58ed44f46c279f30fd0a0724d3fed4bc18b11bb0,BoomerangLiquidity.payout,1,1,1,,,,,17.142041683197,27.807163476944,3705
0x5c430fa24f782cf8156ca97208c42127b17b0494,HackDao.__callback,0,0,1,1,,,,11.1504151821136,22.3178343772888,2958
0x5f38c57b268664015de387229bc9d3822b53ec32,v1Migration.migrate,0,0,1,,,,1,11.8097267150879,21.610532283783,5420
0x60de9d9b062595cf10bc3fbf9ed5a6104befe882,WWW_WALLET.Collect,1,1,1,,,,,6.68505907058716,17.287121295929,1617
0x61683dfbe07e98a4edbddc2f1f1a44a75fa74912,BDSM_Crowdsale.fallback,0,0,1,,,,1,18.0950479507446,28.6561233997345,4949
0x62500ad71aa50744bbd4917d1a64938897e952bf,C_bAnK.Collect,1,1,1,,,,,6.61361694335938,17.1562385559082,1609
0x627fa62ccbb1c1b04ffaecd72a53e37fc0e17839,TokenBank.WithdrawToHolder,0,0,0,1,,,,2.59739708900452,13.2920155525208,969
0x62b01d0aeb16656aff7a7632c3a61c8b069a8928,TopInvest125.pay,0,0,1,,,1,,8.53910970687866,19.1415908336639,2832
0x62f49e904af170ea377f399aca76c13ff25a6f5e,TrustlessOTC.cancelTrade,1,1,0,,,,,8.94013953208923,16.6306066513062,2334
0x62f49e904af170ea377f399aca76c13ff25a6f5e,TrustlessOTC.take,1,1,1,,,,,15.27272772789,22.9816038608551,3427
0x644417f540bf96fd218287454501b2eb13c83295,Dividends.fallback,0,0,1,,,1,1,8.70543670654297,19.335132598877,1994
0x652729577d5c5a13060f81c256aa79adb264f188,VNETTokenPreSale.fallback,0,0,1,,,1,1,14.197327375412,24.9268374443054,3750
0x6cd171ef32b2ffa2b54481bea9d72692cd44f053,Crowdsale.fallback,0,0,1,,,1,1,14.9820628166199,25.5267372131348,3927
0x6d84769b1e287a27f282a938c8110b22714dbf78,ABIO_BaseICO.burnRestTokens,0,0,1,,,,1,10.2370808124542,20.9462487697601,3167
0x6e3c384480e71792948c29e9fc8d7b9c9d75ae8f,p_bank.Collect,1,1,1,,,,,11.1467785835266,21.7365393638611,1686
0x7183169973eda16209f66a602f2e27e1303bf414,BoomerangLiquidity.payout,1,1,1,,,,,16.5385875701904,27.1447432041168,3166
0x71aaf9dc418e9dde76aee42e431fc203d9cfd0c2,VestingContractWTTEST.transfer,0,0,1,,,,1,10.099084854126,20.8119871616364,2655
0x72bf3030e276a96539143551bd8f91aff699bf7c,LotteryGameLogic.finalizeRound,0,0,0,1,,,,3.53748106956482,14.2549376487732,1060
0x72f41244e09b3b2f09d9e2f5f1184fa8bd6b4a1e,EasySmart.withdraw,0,0,1,,,1,,6.71986508369446,17.3806257247925,2765
0x730f8c40a08d02349a2d64e3193cf207a2a2dfe7,PG_Bank.Collect,1,1,1,,,,,6.96171236038208,17.5911731719971,1663
0x774853153c3cc175a3606c58d6f27f6b57e72fd3,c_BANK.Collect,1,1,1,,,,,6.20886325836182,16.7339417934418,1593
0x78e6d2bfe731e578a50a4129df89bb4950591d18,Swap.fallback,0,0,1,,,1,1,20.9722149372101,31.5850741863251,5212
0x79e784a77254aedbc6488ce0001abee487b1d88d,Y_WALLET.Collect,1,1,1,,,,,7.8957679271698,18.4504060745239,1658
0x7fe180e63198e50057c3f2817d058e8904c650e3,Conference.refundTicket,0,0,1,1,,,,3.81607103347778,14.3411085605621,939
0x84cd9cf60bcb44f7bab8b75e6f03614c2c3b22b7,ESmart.pay,0,0,1,,,1,,8.97311925888062,19.7046892642975,2993
0x8a1190c9a21ccc195a943ec9ee434620461b46b2,HeroAuction.orderOnFightAuction,0,0,1,,,,1,51.7533719539642,63.0398132801056,12622
0x8a1190c9a21ccc195a943ec9ee434620461b46b2,HeroAuction.orderOnSaleAuction,0,0,1,,,,1,28.6464874744415,40.0727145671845,6525
0x8a1190c9a21ccc195a943ec9ee434620461b46b2,HeroFighting._fight,0,0,1,1,,,,4.83737993240356,16.2098276615143,1639
0x8a1190c9a21ccc195a943ec9ee434620461b46b2,HeroLedger.collect,0,0,1,,,,1,14.7603039741516,26.208505153656,2930
0x8a1190c9a21ccc195a943ec9ee434620461b46b2,HeroLedger.withdrawERC20Balance,0,0,0,1,,,,5.10238790512085,16.6937174797058,1066
0x8c7777c45481dba411450c228cb692ac3d550344,ETH_VAULT.CashOut,1,1,1,,,,,6.1894257068634,16.711433172226,1550
0x8c944c3f4029c14c22b6525ac3155482c2559541,BDSM_Presale.fallback,0,0,1,,,1,1,24.0691883563995,34.6361155509949,7687
0x8e3e25958ad448aeb5982a01b63bcb91355d56a5,Swap.fallback,0,0,1,,,1,1,19.5155594348907,30.1820607185364,5148
0x91d7e5895f7a635ba8bdce9e2be544e5e527135f,Crowdsale.safeWithdrawal,0,0,1,,,1,1,6.46656942367554,17.1264071464539,1825
0x92579f2fa430b20bf6ce9d19938fe061aad992e2,DCY_preICO.bringBackTokens,0,0,1,,,,1,13.7882072925568,24.3870692253113,3470
0x92579f2fa430b20bf6ce9d19938fe061aad992e2,DCY_preICO.fallback,0,0,1,,,,1,13.6245129108429,24.2520611286163,3310
0x92579f2fa430b20bf6ce9d19938fe061aad992e2,DCY_preICO.safeWithdrawal,0,0,0,,,1,,10.1847765445709,20.8148813247681,3398
0x926e81009c2fa4475e1c798a8c43a4f598575c80,FoundersVesting.withdrawTokens,0,0,0,,,,1,11.3478651046753,22.1568350791931,2612
0x926e81009c2fa4475e1c798a8c43a4f598575c80,Goldmint.issueTokensInternal,0,0,0,,,,1,19.8999230861664,30.938992023468,4967
0x93c32845fae42c83a70e5f06214c8433665c2ab5,X_WALLET.Collect,1,1,1,,,,,6.87394785881043,17.4082636833191,1615
0x94554c78bd90dc7047f1a400dd3c5730991d9484,HoldPresaleContract.unlockTokens,0,0,0,,,,1,8.25921654701233,19.1520681381226,1970
0x950ad688ade27bcaa6e890e9d86ba5a9293f4d8c,Crowdsale.safeWithdrawal,0,0,1,,,1,,6.56653571128845,17.1626806259155,1818
0x967719548b8385be3c21ee96bdc57b9409b501cb,SellERC20BasicTokens.fallback,0,0,1,,,1,1,13.2103743553162,23.8887581825256,3083
0x967719548b8385be3c21ee96bdc57b9409b501cb,SellERC20BasicTokens.sendToken,0,0,0,1,,,,12.420886516571,23.0077114105225,2402
0xa1e4608ff6b4b9324c6472eee2efebd20a20bbe8,KittenSelfDrop.fallback,0,0,1,,,,1,14.6065826416016,25.2853178977966,3064
0xa27f262391913a5e21216c70de5358a1e887de25,VestingContractWTTEST.transfer,0,0,1,,,,1,12.7458539009094,23.4153335094452,2748
0xa5629861c9c345f50221996ef852fd9665eb1c05,IronHands.payout,1,1,1,,,,,21.8130598068237,32.5540132522583,5733
0xab78561558d06ace60f206d9fcaac65bb1cfdee2,SIMPL_BANK.Collect,1,1,1,,,,,6.92679977416992,17.4863545894623,1595
0xac355d24591c01ad44f8da36ec7629d275a2c6e1,ShortOrder.exerciseLong,1,1,1,,,,,14.3153612613678,26.051721572876,5103
0xac355d24591c01ad44f8da36ec7629d275a2c6e1,ShortOrder.nonActivationShortWithdrawal,0,0,1,,,1,,6.34258460998535,17.9634845256805,1788
0xac355d24591c01ad44f8da36ec7629d275a2c6e1,ShortOrder.nonActivationWithdrawal,0,0,1,,,1,,6.87735414505005,18.6063141822815,1963
0xac355d24591c01ad44f8da36ec7629d275a2c6e1,ShortOrder.tokenFulfillmentDeposit,1,1,1,,,,,15.6654725074768,27.3586118221283,5161
0xaf7aea249098f2c2f50cc11d4000ccf798194373,ZTCrowdsale.refund,0,0,0,,,1,,7.58042144775391,18.1884505748749,1925
0xb0ceaa9cc523332cbef9fc606221cc0bc2d0872d,Mattew.fallback,0,0,1,,,1,,5.21493244171143,15.9308960437775,1571
0xb48e28b7de69e921e37c9786f11a6f73274777ef,Crowdsale.fallback,0,0,1,,,1,1,14.2094750404358,24.7805986404419,2834
0xb7c5c5aa4d42967efe906e1b66cb8df9cebf04f7,keepMyEther.withdraw,1,1,1,,,,,6.67360520362854,17.2624158859253,1454
0xb98de64d4dbe2956e80149e88ce9135bb05e9400,Bounty.getTokens,0,0,1,,,,1,9.09438514709473,19.7060313224792,1928
0xbaea5bc6568dcb1f1c5aa24223a47333a6b3a8f5,TrustlessOTC.cancelTrade,1,1,0,,,,,10.6354262828827,18.4619977474213,2723
0xbaea5bc6568dcb1f1c5aa24223a47333a6b3a8f5,TrustlessOTC.take,0,0,0,,1,,,9.4083685874939,17.1648843288422,3420
0xbaf51e761510c1a11bf48dd87c0307ac8a8c8a4f,ETH_VAULT.CashOut,1,1,1,,,,,9.67813372612,20.2713429927826,1604
0xbd367c347fc8e0a9b2da08717bcc22bb3fd878eb,HoldPresaleContract.unlockTokens,0,0,0,,,,1,8.6263599395752,19.2916762828827,2058
0xbe4041d55db380c5ae9d4a9b9703f1ed4e7e3888,MONEY_BOX.Collect,1,1,1,,,,,6.24869084358215,16.8369863033295,1617
0xc543afe640c8c7521beb6549be75f77b568f4590,GET111.pay,0,0,1,,,1,,10.9424259662628,21.5538563728333,2501
0xc7bd5dac314a67a375a0347d72797c2ea1f1a672,KlownGasDrop.claimGasDrop,0,0,1,,,,1,9.44248270988464,20.0987644195557,2506
0xc86dd185fc95031489b89eeaaa3fd47e11c065e9,OpportyBountyHold.unlockTokens,0,0,0,,,,1,14.1484684944153,24.8471131324768,4459
0xd012717342c0a7a24b840605fe7756f6094c9570,SafeDif.distributeRef,0,0,0,,,1,,8.90174984931946,19.6664302349091,3146
0xd012717342c0a7a24b840605fe7756f6094c9570,SafeDif.withdraw,0,0,1,,,1,,6.85115838050842,17.5514495372772,2358
0xd1265bfe57597840f89971b7e67538bac780f9ad,DesTokenSale.fallback,0,0,0,,,,1,18.2729732990265,28.8842179775238,3691
0xd518db222f37f9109db8e86e2789186c7e340f12,D_BANK.Collect,1,1,1,,,,,7.8928964138031,18.4421565532684,1598
0xd5e5ab3438c14a6c823886baa24d8f41636b1d34,TokenERC20.fallback,0,0,0,,,1,,6.78325319290161,17.4486975669861,2527
0xd5e5ab3438c14a6c823886baa24d8f41636b1d34,TokenERC20.investedbuy,0,0,0,,,1,,9.21964979171753,19.9660594463348,3510
0xd5e5ab3438c14a6c823886baa24d8f41636b1d34,TokenERC20.withdrawcommissions,0,0,1,1,,,,4.21869444847107,14.9395153522491,1100
0xd67aa6a98e99f979f23bf0da772d113fe6dbe50a,Crowdsale.fallback,0,0,1,,,1,1,11.4354083538055,22.10520362854,2803
0xd72d254737ab0a8de2ac43ba95557885ed13bbfd,MenloTokenTimelock.release,0,0,1,,,,1,7.92030239105225,18.6409482955933,1981
0xd84b6aec4985e68ef5882de0b5d0b30992bb5057,EthTokenToSmthSwaps.createSwap,1,1,1,,,,,8.84751772880554,19.4684364795685,2048
0xd84b6aec4985e68ef5882de0b5d0b30992bb5057,EthTokenToSmthSwaps.createSwapTarget,1,1,1,,,,,7.64126896858215,18.2762286663055,2038
0xd84b6aec4985e68ef5882de0b5d0b30992bb5057,EthTokenToSmthSwaps.refund,1,1,1,,,,,13.1422181129456,23.7345802783966,3693
0xd84b6aec4985e68ef5882de0b5d0b30992bb5057,EthTokenToSmthSwaps.withdraw,1,1,1,,,,,10.1883547306061,20.8094823360443,3712
0xd84b6aec4985e68ef5882de0b5d0b30992bb5057,EthTokenToSmthSwaps.withdrawNoMoney,1,1,1,,,,,12.3901643753052,22.9940791130066,3708
0xd84b6aec4985e68ef5882de0b5d0b30992bb5057,EthTokenToSmthSwaps.withdrawOther,1,1,1,,,,,14.1199796199799,24.7297406196594,3722
0xd96d1947b7758271c4b0621d90808825121bf329,DomainAuction.refundBid,0,0,0,,,1,,7.46849656105042,18.0142652988434,2222
0xdb8459034fc97eed3d43172909e1d353e9f4d282,URUNCrowdsale.buyTokens,0,0,1,,,,1,7.56754684448242,18.6652286052704,2225
0xdd654450e2ef8f672ef297ea3ff9aabea2e22840,VestingContractABX.transfer,0,0,1,,,,1,12.8762114048004,23.4718699455261,3438
0xde1fa94c7fa043fccf3938f47e9911ca584baed4,DailyGreed.fallback,0,0,0,,,1,,6.16219210624695,16.7093591690063,1454
0xe7e0bb725a6c1ed81b89042b1d37756b21db4958,BDSM_Crowdsale.fallback,0,0,1,,,1,1,20.4444115161896,31.1139261722565,5920
0xe85083dec29ca5287a00a29f667a8c5489cdf297,OpportyWhiteListHold.unlockTokens,0,0,1,,,,1,15.335746049881,26.1744194030762,4441
0xea9c15f733ee4cd9e24c97bdddd66077a757b474,BoomerangLiquidity.payout,1,1,1,,,,,11.1435008049011,21.7735984325409,2477
0xebbe139afc4f0706cc928311b6748701b6549a31,Contagion.Count,0,0,0,1,,,,2.69058847427368,13.3459575176239,996
0xec94d178d97bac527fdcd4b3d4bf41b57d640c5b,Crowdsale.devResWithdrawal,0,0,1,,,1,,6.17735505104065,16.7883152961731,1940
0xf1add8bf553d0066be17768d6816f3730c476237,EasySmartolution.getOut,0,0,0,,,,1,6.67055439949036,17.3013651371002,1738
0xf1add8bf553d0066be17768d6816f3730c476237,EasySmartolution.processPayment,1,1,1,,,,,14.0841138362885,24.6913630962372,3307
0xf847b0052b9d369401b0d71465f28392ea7e3304,Pandora.returnDeposit,0,0,1,,,1,,7.7207555770874,18.4466333389282,2330
0xfbe2fff3145e08a21a9d9c8d5f20c01706939647,C_bank.Collect,1,1,1,,,,,6.54147839546204,17.1200358867645,1598
0xfc560a12fb91c7b743d070e5764b4404de2f4883,Crowdsale.safeWithdrawal,0,0,1,,,1,1,12.5199205875397,23.1330893039703,4232
0x0003ed19f80564745e84b4cc411a7b6be4f0cf31,NeverJeet.openTrading,0,0,0,1,,,,3.19430828094482,3.65634441375732,1013
0x0030f75e27f6df16383f47ae11ae34abc21f5f2c,TYRANT.GoLive,0,0,0,1,,,,3.68999814987183,4.23084378242493,1095
0x0041fb383081576f9750c5a9b507180992e1c5da,GMI2.forceSwapAndSendDividends,0,0,0,1,,,,2.75285124778748,4.34002900123596,1002
0x005d068a5dd27f3e49a047deac6785b426145bbc,ParasyteInu.openTrading,0,0,0,1,,,,3.38402700424194,3.81407570838928,1060
0x00a704f5721fe068a46221ca7293e76b39f92af6,BabyRyoshi.openTrading,0,0,0,1,,,,2.69305634498596,3.03641796112061,1023
0x00b0e8d3d7a6275dea291111ff8480ea053cd719,RickAndMorty.openTrading,0,0,0,1,,,,2.71620655059814,3.14977931976318,1033
0x00b25822e3b8f8720b327f2df8e7c6f96271c8dc,JINJAINU.OpenMarket,0,0,0,1,,,,3.09317016601563,3.56316137313843,1015
0x00d97facb316f12b64c7ac93405b2d45ed9aa358,KIRITOINU.openTrading,0,0,0,1,,,,3.42798352241516,3.82398772239685,1046
0x00e5b0e005ae310312942197e0898de60e30a3a3,SHIBUTT.openTrading,0,0,0,1,,,,2.84501194953919,3.21187376976013,1023
0x00e76361d45707507db7bdeb7dd2c0f5c1c3fa6d,DekuInu.openTrading,0,0,0,1,,,,3.66917419433594,4.10643219947815,1036
0x01490172fd413bb9b74ca73c5df1e245ef14412a,SOTL.claimETHRewards,0,1,0,,,,,8.69969081878662,9.66019821166992,1732
0x01490172fd413bb9b74ca73c5df1e245ef14412a,SOTL.claimTokenRewards,1,1,0,,,,,9.54456806182861,10.47913646698,2102
0x01680af31961fb47ad92e32218a5d8cbd036f6ba,DEEPINU.openTrading,0,0,0,1,,,,3.24383401870728,3.72684335708618,1057
0x018194f1e70185eb153bcab2f6d64070c605a318,LEET.swapAndLiquify,0,0,0,,1,,,2.98259806632996,4.40313220024109,1010
0x01886cabb4a19a89fad686810f2ee60459452cf3,DividendTracker._compoundDividendOfUser,0,0,0,,,,1,11.4604501724243,12.2949061393738,2454
0x01886cabb4a19a89fad686810f2ee60459452cf3,DividendTracker._withdrawDividendOfUser,0,0,0,,,,1,6.29720234870911,7.04010319709778,2058
0x018a871f4403ecd7be46819789551aaba1331af0,$Jiraiya.openTrading,0,0,0,1,,,,3.07542252540588,3.54580402374268,1040
0x01911afa1a3d64d52451a22cb265fc34f596f425,BuyVote.buy,0,0,0,,,,1,5.71934700012207,14.6934521198273,1633
0x01aa9c6023ce74282aa2705d6cb89cea76a18be3,DOGETUITION.openTrading,0,0,0,1,,,,2.99001717567444,3.45564532279968,1025
0x01b92e2c0d06325089c6fd53c98a214f5c75b2ac,MYSTIC.processActionProposal,0,0,0,,1,,,4.15887475013733,11.5592067241669,1095
0x01de5bce5c5ee4f92e8f4183f6f4e4f12f9a86cd,VaultWETH._claimCompoundDivs,0,0,0,,1,,,11.3793523311615,18.9288761615753,4786
0x01de5bce5c5ee4f92e8f4183f6f4e4f12f9a86cd,VaultWETH.claim,0,0,0,,1,,,5.05735588073731,12.551543712616,1692
0x01e7e52aba28a0f61cc053c544efe943e5b43954,TwinsInu.openTrading,0,0,0,1,,,,3.64633989334107,4.12699770927429,1077
0x01f44890160c3963bfa8841aabbb4019245a9205,BABYCHAD.openTrading,0,0,0,1,,,,2.71852135658264,3.07749176025391,1008
0x0208a9ffc97a6e96f050087ae1c9f7a2bdd3f5b0,HoshiKatachi.openTrading,0,0,0,1,,,,6.75958585739136,7.23903274536133,1084
0x0224853bdff6b04ce259d87303b7523d4e16d656,PriceChecker._updatePrice,0,0,0,1,,,,9.3967022895813,23.319277048111,1707
0x024b77a5205733bc1cf283b0442be8ecab88803a,AKIHIRO.openTrading,0,0,0,1,,,,9.7176399230957,10.0561902523041,1019
0x025cd28d7ef83e1c2ffe511d5f9290d54ba5dcf0,ProductionUnitToken.exit,0,0,0,,,1,1,18.598890542984,30.392767906189,7222
0x02a0c000c375464509754deea7d07d06df901e3a,EthereumCate.startTrading,0,0,0,1,,,,2.68538117408752,3.42198348045349,1013
0x030d087bfb025268f129a1979bda8ed3a6191a02,Andy.swapAndLiquify,0,0,0,,1,,,3.23920512199402,4.65520215034485,1023
0x03766932d07fad2ea2e60454ccbbb5d88780b63e,STS.swapAndLiquify,0,0,0,,1,,,3.49468517303467,4.98153614997864,1094
0x038b7537fd58d966404be0c7bcec64e6cbeb88a1,GohanInu.startTrading,0,0,0,1,,,,3.25592231750488,3.69913983345032,1056
0x039f7a065382b064c95f8409b7eff4a45cea3e23,Xlabs.swapAndLiquify,0,0,0,,1,,,3.18984794616699,6.53900861740112,1045
0x04797c1ae852a31665d8e512ddae33e6044ef39d,InstaDice.payoutPreviousRoll,0,1,0,,,,,12.6438386440277,23.5212271213532,4869
0x04797c1ae852a31665d8e512ddae33e6044ef39d,InstaDice.roll,0,1,0,,,,,14.3470385074615,25.2253892421722,5244
0x047b957bb18534b4e4add20c101cb5791f12d112,NEKOLAND.swapAndLiquify,0,0,0,,1,,,4.3263099193573,9.11922526359558,1068
0x049658b3cc6ec345aaf2be7233a33da24ee82150,Bozu.GoLive,0,0,0,1,,,,3.25744915008545,3.8969042301178,1007
0x04e52df738e0c13bc58d6d75f964381f8d18b1b7,SminemToken.open,0,0,0,1,,,,3.50403499603272,4.94831919670105,1034
0x051bda85fbc58ace9d6060ba9488abe120ac072d,CRYPTOVATOR.launch,0,0,0,1,,,,3.46357274055481,4.42403268814087,1025
0x052f4e43d9d65ca35ce6d3438aa956fda91ef520,XYZProtocol._beforeTokenTransfer,0,0,0,,1,,,10.7139148712158,11.3928332328796,3370
0x05a4909d737d0a6433335504d25536e12f65a4e5,Hydra.swapBack,0,0,0,,1,,,4.35258960723877,9.24927711486816,1031
0x05af72594440cf75c0fdcbbd9993fc26f62c7afc,TwelveHourAuction.sendProfitTTH,0,0,0,,,,1,58.7155978679657,69.4719796180725,19597
0x0654b7f747c9ee9f5fb5eba443e9fe64f1fa77ef,SAFX._sellTaxedTokens,0,0,0,,1,,,3.12457871437073,3.56598854064941,1031
0x06a07a3911dab4507dd44cd97e30c3267d4a9c63,DERPNATION.takeLoan,0,0,0,,1,,,3.31518030166626,4.3674852848053,1189
0x06ef66ab59919e1c3b25ad4732a002f644fe0f8e,MonkeyScam.withdraw,0,0,0,,,1,1,24.3138432502747,35.8929286003113,8256
0x0719feee345bf34877d0a1f2c1c40fcdf0f1c3e8,charge.ControlSellAllTokens,0,0,0,1,,,,3.9128053188324,4.69279956817627,1075
0x07a6ebf8549dd5cfdf201f6de9e7487113434dd7,Multiplier.verify,0,0,0,,,1,,6.61347532272339,17.5110456943512,1816
0x07c1c8c2bce6290daa554118b7d208041615ce54,RC.giveToken,0,0,0,,,1,1,16.6760556697845,27.5141682624817,4878
0x07f7ecb66d788ab01dc93b9b71a88401de7d0f2e,PoCGame.donateToWhale,0,0,0,,,,1,11.7288675308228,22.3351261615753,3022
0x07f86ba2f0e6c421a3ecb233068117e65228ac6b,Society.launch,0,0,0,1,,,,3.72834014892578,4.55715799331665,1029
0x081d8a340d384cffca0c2dafbf45020d760d7576,SOLIDBLOCK.swapTokensForETH,0,0,1,,1,,,3.82646584510803,4.76215386390686,1039
0x085e64546fe941bbfd1751b99365dab4b2f454fc,MetaMononokeInu.startTrading,0,0,0,1,,,,4.21458721160889,4.58441400527954,1060
0x0881c6bc48b80726ed97cb1c44586cdaf4f4be94,ZeroTax.swapAndLiquify,0,0,0,,1,,,2.86226224899292,3.54963517189026,983
0x095c3f181cde64ff0d96ec14fba29210f2851fe2,CompliantCrowdsale.approveMint,0,0,0,1,,,,3.57723259925842,14.5832073688507,989
0x0a16d08b57afe4e0e323eba83e0282b07c2ed1f1,Spitz.Launch,0,0,0,1,,,,2.91430854797363,4.54605793952942,999
0x0a28dd8141394e6d680d20d54ffeb3544b576a78,Loan._userRefund,0,0,0,,,1,1,26.5484561920166,37.4714233875275,7389
0x0a28dd8141394e6d680d20d54ffeb3544b576a78,Loan.checkPayShareholder,0,0,1,,,,1,10.2021572589874,21.1321425437927,2524
0x0a5a0a14419f9db1da68cf2f550720e5df49d4fe,YZYVault.addTaxFee,0,0,0,1,,,,3.74435782432556,8.75453448295593,1071
0x0a5a0a14419f9db1da68cf2f550720e5df49d4fe,YZYVault.emergencyWithdrawToken,0,0,0,1,,,,4.01023983955383,9.0263090133667,1084
0x0a5a0a14419f9db1da68cf2f550720e5df49d4fe,YZYVault.stakeLPToken,0,0,0,,,,1,109.58133149147,114.671006441116,35233
0x0ac31bc80e6905bc27f3cdcb66dc38945f2055e2,Nothing.mintNOTHING,1,1,0,,,,,40.2713930606842,45.2965216636658,8266
0x0b5ecbb411d8fe829e5eac253ee1f2dc05d8d1ae,KUNOICHIX.launch,0,0,0,1,,,,3.57078576087952,4.43143486976624,1021
0x0bc95951bb59d6fd063ce7ad5c3b3dcaace98132,ViVICO.refund,0,0,0,,,1,1,14.9887025356293,26.1398274898529,3722
0x0bc95951bb59d6fd063ce7ad5c3b3dcaace98132,ViVICO.successful,0,0,0,,,1,1,9.96708273887635,21.0033447742462,2556
0x0c2795fc4e1f57614eb78923dc78521ff0676fb8,BitChordCrowdsale.startOraclize,0,0,0,1,,,,6.34379243850708,19.2045359611511,1033
0x0c2795fc4e1f57614eb78923dc78521ff0676fb8,BitChordCrowdsale.update,0,0,0,,,,1,45.0668904781342,58.0869517326355,11216
0x0c6139206f995d160edb00422a5ac819bc94295e,ChainBot3000.depositOutput,0,0,0,,,1,1,12.5970196723938,20.2885341644287,3186
0x0c78003843b4a72b765938cb3b14aecb188dbc6a,Crowdsale.updatePrice,0,0,0,,,,,28.4995758533478,41.6563708782196,7299
0x0cb0a2136f2e80662eb5c50b96bfa3de85f335ce,IGLOO._payTreasury,0,0,0,,1,,,3.05423402786255,4.42997622489929,1020
0x0d1c59da19c60092cc3a56ee6750bd162582f857,CUELauncherToken._doBurn,0,1,0,,,,,33.4847772121429,39.7772836685181,13594
0x0d1c59da19c60092cc3a56ee6750bd162582f857,CUELauncherToken.v1AirdropETH,0,0,0,1,,,,5.9802668094635,12.2541139125824,1050
0x0d2508ff66a445116029b153f5ca261145717cc1,UnicornToken._disperseEth,0,0,0,,,1,1,31.5651462078095,32.0612006187439,10901
0x0d2508ff66a445116029b153f5ca261145717cc1,UnicornToken.addLiquidity,0,0,0,1,,,,2.95653510093689,3.43691182136536,1024
0x0d5a83d8b2dd05cbb7183824dc71b31d3e6d838e,SEISHI.swapForTokenomics,0,0,0,,1,,,3.78589105606079,4.25715279579163,1040
0x0d75899cab4eec7b22b5bf3d4dd4d965ada8a8cb,FUEGO.swapForTokenomics,0,0,0,,1,,,3.64924168586731,4.14148640632629,1041
0x0d95bc0c758ae70141fc95345a7164a4c6e1df15,Lagarde.establishTrading,0,0,0,1,,,,2.78458476066589,4.42958498001099,1003
0x0dd1326b7b80107f002ba16dad7fe2dd22f00491,LetsBreakThings.checkBalanceSendEth,0,0,0,1,,1,,12.2407238483429,22.7998044490814,2145
0x0de3539f225e3431d6a7bbd3495cc2caf19b334c,BabyKounotori.gm,0,0,0,1,,,,3.0160083770752,3.37179899215698,1049
0x0e24224484c7e445438ae9ed9b03a0108ad798f2,ChipToken.swap,0,0,0,,1,,,2.765864610672,6.72208213806152,1022
0x0e2d791d78e6cc39c8dbeb7898b02221ac35c3f7,PumpToken.addLiquidity,0,0,0,1,,,,3.53825092315674,4.00675058364868,1031
0x0e30bc9512306534b85afd0c75065b455af55d45,COPIUM.swapAndLiquify,0,0,0,,1,,,4.13464975357056,10.3938202857971,1082
0x0e33ca464b1c76a384039eb1b7e9dc3b0416b5ae,BinaryOption.closeSession,0,0,0,1,,,,5.47877860069275,16.6146240234375,1020
0x0e3ea79e194aef78b69209447f0f6c17ed96a5d6,Ownable.renounceOwnership,0,0,0,1,,,,5.87834191322327,7.82963800430298,1396
0x0e3ea79e194aef78b69209447f0f6c17ed96a5d6,Ownable.transferOwnership,0,0,0,1,,,,4.45213198661804,6.42413330078125,1293
0x0e82b29a77a53880dd4ee8326cfea9b4c68db638,DappIncubator.withdraw,0,0,0,,1,,,5.39497661590576,10.2041561603546,1238
0x0eb65b4c3d3de340e1b15384f8f211784247a37a,KODAV3SecondaryMarketplace.adminRejectTokenBid,0,0,0,1,1,,,3.69541692733765,5.20990824699402,1215
0x0efef0b34638addc8833ba729ae20016b5f24ffc,Escapable.escapeHatch,0,0,0,1,,,,3.28414797782898,14.0008270740509,1051
0x0f99d989df7017d7bb27bffb3f12c6b035863980,THEGAMEOFCHAD.launch,0,0,0,1,,,,3.77343916893005,4.6528115272522,1028
0x0ffaa8eeb2ee18c9174e4c5d6af6ce48199c6879,Sargasso.addContractTokens,0,0,0,,,,1,9.1986346244812,16.4905443191528,1976
0x1056f5436dc817e28a24c509ff26f5912b837214,CompliantCrowdsaleHardcap._approveMint,0,0,0,1,,,,9.70552754402161,20.7380540370941,3471
0x105923fa70412c82452ff75f5e775fb0383ee2fc,Keetsu.swapAndLiquify,0,0,0,,1,,,4.54955196380615,10.9039390087128,1057
0x108523415a8cd7cb8ef2d6b12177181f489ec210,Pepe.swapBack,0,0,0,,1,,,4.16595220565796,5.74641990661621,1041
0x1104080b3ca1f766a33c16aa890465d1a63e5078,RedKnightToken._swapAndLiquify,0,0,0,,,1,1,39.0513653755188,43.2634701728821,16919
0x11566f832f90155701384e42f0adcdc889767bbc,HexSaitama.startTrading,0,0,0,1,,,,3.33422207832336,3.80560517311096,1021
0x1190074795dad0e61b61270de48e108427f8f817,CoinMerge._disperseEth,0,0,0,,,1,1,12.9405162334442,13.3358175754547,4554
0x1190074795dad0e61b61270de48e108427f8f817,CoinMerge.addLiquidity,0,0,0,1,,,,3.44726395606995,3.95156121253967,1131
0x119995a900c86c6aaf68b917341b844c3786913c,GLITCH.swapAndLiquifyForEth,0,0,0,,1,,,33.5954341888428,41.7452199459076,10306
0x11ce3c5ecfa4cc788eaa94157a63a1ca4863a90c,ShiryoMarket.acceptItemOffer,0,0,0,,1,,,6.88324570655823,7.5776219367981,1179
0x122ad2495b1af2a14c5c4b4ca59adfcd79c2dcb3,GameTime._swap,0,0,0,,1,,,3.47742605209351,5.00881695747376,1034
0x125365069020439b830c9eac9dd402f8aa762569,RatScam.withdraw,0,0,0,,,1,1,22.9550244808197,34.549248456955,8211
0x126bf7880a9597e2760380d44d147c90cd75ee39,The_Disturbance.swapAndLiquify,0,0,0,,1,,,4.98695540428162,9.06316518783569,1078
0x12bafa32c73c6b7f0c00b36b3ba6d9416b163c59,FitCoin.addLiquidity,0,0,0,1,,,,3.91058135032654,4.31221079826355,1108
0x132e2b67e91bf0294536b16d772e8dee099fc40c,Brave3d.buyByAddress,0,0,0,,,,1,19.8406186103821,30.6090290546417,6440
0x132e2b67e91bf0294536b16d772e8dee099fc40c,Brave3d.buyByName,0,0,0,,,,1,18.0780529975891,28.8700911998749,6611
0x132e2b67e91bf0294536b16d772e8dee099fc40c,Brave3d.setName,0,0,0,,,,1,24.1202602386475,34.860034942627,7770
0x13763173527aab169f588fd663886f17740dfc65,HARAMADAN.addLiquidity,0,0,0,1,,,,3.51903629302979,6.80411219596863,1065
0x13c34380e14c47cdd089d466396e53f8a0a24442,PunkMonkeyDividendTracker._reinvestDividendOfUser,0,0,0,,,,1,19.7834341526032,23.6254813671112,5366
0x13c34380e14c47cdd089d466396e53f8a0a24442,PunkMonkeyDividendTracker.process,0,0,0,1,,,,8.27213978767395,12.1928768157959,2793
0x13d8faf4a690f5ae52e2d2c52938d1167057b9af,BatchSwap.cancelSwapIntent,0,0,0,,1,,,3.23914790153503,3.87279176712036,1210
0x13ee0099f47a84bb4ab4cce741326b2976eda776,TradableErc20.createLiquidity,0,0,0,1,,,,3.23613262176514,3.7841432094574,1006
0x147aa9ada01b70c4c8c8b89b06afe767908aced7,PharaGoddess.withdrawFund,0,0,0,1,,,,3.16108107566834,3.90468096733093,1015
0x14c7f742d9a2fe6fe13fafbc1cb24be74ac5708d,CharityMiner.deposit,0,0,0,,,1,1,24.764265537262,35.4830496311188,6672
0x15ed8dcd6d5d7c9e66a28cb70673389a5dc4fcf5,Depot.exchangeEtherForSynthetix,0,0,0,,,1,1,28.048686504364,40.3015575408936,6798
0x15ed8dcd6d5d7c9e66a28cb70673389a5dc4fcf5,Depot.exchangeSynthsForSynthetix,0,0,0,,,,1,24.7421865463257,37.1334955692291,6096
0x15ed8dcd6d5d7c9e66a28cb70673389a5dc4fcf5,Depot.withdrawMyDepositedSynths,0,0,0,,,,1,9.80504560470581,21.9735865592957,2607
0x15ed8dcd6d5d7c9e66a28cb70673389a5dc4fcf5,SynthetixEscrow.vest,0,0,0,,,,1,12.0024156570435,24.4361941814423,2205
0x1963737af12d3649f6f319fb64af2aa29f7256b7,MessierAnonymity.sendRewardtoPool,0,0,0,,1,,,9.20875310897827,18.4447178840637,3034
0x19f259affad4eab74ee306f709044b2c8145f692,Third_Degree_Burn.ReleaseLP,0,0,0,1,,,,3.54054379463196,7.56732296943665,1043
0x1b1a4586fd99f7e044868ac8e5e91eac4863149b,yUSDT.withdraw,0,0,0,,1,,,3.21454668045044,12.5534157752991,1038
0x1ba35631c69a1363769d2b3e4a9d5c7020b3e520,yUSDC.withdraw,0,0,0,,1,,,3.97456431388855,13.465523481369,1083
0x1bd367eeb05d9c7f8b5ba488df1878d9b983ebfd,Crowdsale.fallback,0,0,0,,,1,1,12.5272924900055,23.1688144207001,2888
0x1c3f78372a8c3e01970b85e1b26b885803011da3,yDAI.withdraw,0,0,0,,1,,,3.66470551490784,13.0292465686798,1056
0x1c57481dc2e2b987b2f012e9d3cc4cbbecd7c116,yTUSD.withdraw,0,0,0,,1,,,4.30817317962647,13.7061285972595,1135
0x1d86a854da490ff74dedc7abe281fb468f8c19ee,MultiVesting.clearAll,0,0,0,1,,,,2.76861548423767,13.5479924678802,978
0x1d9fe29aec8852d7a32ac26b695c258840feba15,InterestFinal.payout,0,0,0,1,,,,3.23064923286438,13.8074052333832,906
0x1da73fc09ea07781482994036a0eecc7e6952dfb,TydoIco.buy,0,0,0,,,,1,7.41535544395447,18.06139087677,2131
0x2268003d92ff03be6ca6da029f8d8127fd2f617e,ShortOrder.claimDonations,0,0,0,1,,,,4.6576681137085,16.6177968978882,1002
0x23ed5bd2dbf560926312cad48653a027af0b6e11,yUSDC.withdraw,0,0,0,,1,,,4.07539510726929,13.4908299446106,1066
0x24a57f642948e36e8f0ce0a4b3b940cbfe14bd4c,ICO.buyTokens,0,0,0,1,,,,18.9648127555847,29.8075356483459,5929
0x25067272880fa0e49f1cebc988a2eed8485343a6,Wallet.sendTo,0,0,0,1,,,,2.87929391860962,13.4957232475281,993
0x25ad23adf5da60190d5f44297ab7d7ab147ad9db,Sandwich._lockLiquidityForever,0,0,0,,,,1,8.45190572738648,15.8742213249207,2126
0x2628e13a3cbdc52ed96b4b8d6b1041d3ef3a409e,EasySmartolution.addParticipant,1,1,0,,,,,16.3866741657257,27.021758556366,4678
0x26436e73fdd02adde8ae7ab61fa660d6f7926e6f,Crowdsale.buyTokens,0,0,0,,,1,1,17.383419752121,28.030401468277,4151
0x284b0f2f49d072836db87dd25d0623cd2f622bb1,DesTokenSale.finishPhase,0,0,0,1,,,,3.02193212509155,13.7760910987854,1025
0x287fda15f8f002e5df9f536f10bbfc0816960f36,EncryptedToken.fallback,0,0,0,,,1,,4.43623375892639,15.093136548996,1333
0x28f1135e43e61ebf303c8f1f9beef4f6a00dcb34,XC.unlock,0,0,0,,,,1,41.3400919437408,52.1685554981232,8864
0x2934443c1749dcc0cdcabbd77098eea31d2ea6c3,xSNXCore.mintWithSnx,0,0,0,,,,1,10.5477685928345,20.5905644893646,2680
0x2934443c1749dcc0cdcabbd77098eea31d2ea6c3,xSNXCore.withdrawFees,0,0,0,1,,,,3.97685551643372,14.0602135658264,1010
0x2980b7c0c8e1a2c0bdecff55cde9e3576aaf9eaf,PiZZa.pullResolves,0,0,0,,,,1,10.4183175563812,18.3496551513672,2282
0x2aa216f8126190fe5610b1b6c3c4835d1b07c8c8,BoomstarterPresale.buy,0,0,0,,1,,,7.36932611465454,22.1480424404144,1073
0x2daae64cc8516187c9d2ab209f3faa2f83b246e1,Moloch.sponsorProposal,0,0,0,,1,,,3.53829431533813,13.0115377902985,1064
0x2daae64cc8516187c9d2ab209f3faa2f83b246e1,Moloch.unwrapShares,0,0,0,,1,,,4.48979067802429,13.7514503002167,1135
0xd3efa0d59dccd79a8f2011f5adf527e78f1f68b4,EncryptedToken.fallback,0,0,0,,,1,,8.31797218322754,19.3602149486542,1328
0x3085c9403871c00f7fd2e84dac1bdaa05f5f652e,PreICOProxyBuyer.claim,0,0,0,,,,1,15.5617027282715,26.7664122581482,4796
0x30919c5c5c7727eea89b110d7258cbb36d541377,Crowdsale.safeWithdrawal,0,0,0,,,1,1,9.65767955780029,20.2585096359253,2424
0x35d7bbe9012b5a93ecdc5eef53ab9d143542abc7,DoublePoggerino.burnLiquidity,0,0,0,1,,,,7.35091519355774,16.9946820735931,1627
0x3775876e537df71b60061151b39bcfb638f832f5,Staking.harvest,0,0,0,,1,,,3.77254629135132,4.6582989692688,1205
0x38721079a72030ab1817fb9e1aaa86ae0d08356f,Investment.addToPool,0,1,0,,,,1,52.0068657398224,54.1858174800873,16341
0x3a2fd07ec2ad6f355f93af695a7cf858f5967b78,MTVote.onTokenReceived,0,0,0,1,,,,3.12645554542542,13.8184421062469,1132
0x3ab4a46beae2a0b025eeed54db05819814ff287a,CloneFarmFarmer.hijackClones,0,0,0,,,1,,4.40728807449341,15.174964427948,1428
0x3c9bdc41ef0c823a43bd16fe2392a9217dc70215,LiquidityPool.addLiquidity,0,0,0,,,,1,12.5541110038757,19.7421984672546,3903
0x44f2f79343ac7244c09e0189df05588524a86515,IOU.withdraw,0,0,0,,,,1,8.4981095790863,19.4370760917664,3824
0x479cbe1f6a7fa4d7e304ae983803c46e85ced870,Slaughter3D.DivsToRefundpot,0,0,0,,,,1,9.49552035331726,20.2685663700104,2112
0x47f8c173083af430f4507124b63db55296500baf,Deal.destroyCampaign,0,0,0,1,,,,2.99966216087341,13.6576399803162,1000
0x4c60e311d8fba04e313f7e7b3dec61b3028726d1,EtherWorldCup.pullRipCord,0,0,0,1,,,,2.66625142097473,13.4819176197052,1024
0x4c60e311d8fba04e313f7e7b3dec61b3028726d1,EtherWorldCup.register,0,0,0,1,,,,7.01719570159912,17.9085388183594,2828
0x530a9cceee0c45f58229ae5c256e414e6df957ad,ABIO_BaseICO.fallback,0,0,0,1,,,,2.57777309417725,13.3905572891235,990
0x575d8909d7fef2561ef8c2114d80b736fb77cbb6,ABChainNetContract_v5.rtbPaymentsProcessing,0,0,0,,,,1,12.4155569076538,23.1750025749207,3092
0x589fbf3d4168518b8b849b7eedfdb719407900ca,AirDropLight.transferDirect,0,0,0,,1,,,6.56879901885986,17.2883121967316,2507
0x5b463c4e19358b4eaf010cf24244bf140541a63e,TokenERC20.sell,0,0,0,,,1,,11.5578699111938,22.2130446434021,2177
0x62a03c868c959386b2df7f266e79bc711fb92398,BatchTransfer.batchTransfer,0,0,0,1,,,,2.88651537895203,13.516872882843,1026
0x62b01d0aeb16656aff7a7632c3a61c8b069a8928,TopInvest125.fallback,0,0,0,,,1,,14.2064497470856,24.8690629005432,4525
0x675c807fe3cf4fcc51b5c739b4bb910b0009ccb1,OurBank.payout,0,0,0,1,,,,4.30507659912109,14.89630818367,868
0x6a3f85f8a86e7b3de0269c20e9ab066dd57b8e21,AccRegCenter.transfertoacc,0,0,0,1,,,,2.9257128238678,13.5378949642181,1009
0x6d84769b1e287a27f282a938c8110b22714dbf78,ABIO_BaseICO.fallback,0,0,0,,,,1,7.40269184112549,18.0669891834259,2173
0x71d57fc11e9d85d8ce2b5acc9019af399bf0cbcb,LockToken.release,0,0,0,1,,,,2.69236278533936,13.2458775043488,986
0x7a5c92aa4deff4f784a7149e26ba96e77f3f0635,Contagion.Sort,0,0,0,,,1,,6.21299576759338,16.8830971717834,2083
0x7d09edb07d23acb532a82be3da5c17d9d85806b4,PoCGame.donateToWhale,0,0,0,,,,1,10.5747628211975,21.1976943016052,3023
0x7d7dde4b196a237879e448fc4b69b8647c124932,Utopium.Optin,0,0,0,1,,,,2.60596466064453,13.1991610527039,1150
0x7e433aee8090ee2c8ee3e6aaedfde1b76d776ace,LockToken.release,0,0,0,1,,,,3.75369930267334,14.3683984279633,1061
0x82cc62a5441c4df93acf0d2cf63e25060289e847,zeroXWrapper.zeroXSwap,0,1,0,,,,,6.61977910995483,14.2786471843719,1687
0x849019a489c3c26c7a7668e468be81a4d132781f,SimpleDeposit.RefundDeposit,0,0,0,,,1,,4.35967874526978,14.984623670578,1370
0x88355a32a8c5cc399aa09b9d21ebcba935ae5d2f,BankWallet.fund,0,0,0,1,,,,3.1469292640686,13.8457734584808,1039
0x887e4f25db63b079dffed24283f0470b0704b8e8,TheWarBlueNation.Sort,0,0,0,,,1,,7.14237117767334,17.772997379303,2141
0x8c73696a453f67ea5b7e5f2cd58ca0ad72ecaaeb,TokenLock.release,0,0,0,1,,,,3.1092357635498,13.7542521953583,1015
0x91d7e5895f7a635ba8bdce9e2be544e5e527135f,Crowdsale.checkGoalReached,0,0,0,,,,1,8.78080224990845,19.38059258461,2377
0x950ad688ade27bcaa6e890e9d86ba5a9293f4d8c,Crowdsale.checkGoalReached,0,0,0,,,,1,8.34980916976929,18.9144699573517,2369
0x969f99f3d3cb00d84634ec1ef2b8ba506955b1f7,WeSendReserve.release,0,0,0,1,,,,2.6188006401062,13.2440927028656,979
0x9accb8fe0d9df53ce0040bc78d1294e1f55dcc88,MyAdvancedToken8.sell,0,0,0,,,1,,4.6711540222168,15.2346754074097,1546
0x9d24335fd550568615bc81f8c0aa72aaa70ab93a,TheWarRedNation.Sort,0,0,0,,,1,,6.04469060897827,16.5885558128357,2071
0xa97e65fbb5d1f9698a78f55e3a3529a74417ae69,GOOGTokenSale.fallback,0,0,0,,,,1,9.76617288589478,20.3922162055969,2578
0xa9b6e2381dee5dd4ea5d6e31e11b3c6f10d35afc,UserContract.Initiate,0,1,0,,,,,17.8236649036407,28.5362465381622,4674
0xaa3f3485b5a009b34308707aa8e4c6f6c8e4dd49,IOU.withdraw,0,0,0,,,,1,8.38334727287293,19.1701781749725,3781
0xac355d24591c01ad44f8da36ec7629d275a2c6e1,ShortOrder.claimDonations,0,0,0,1,,,,4.21495032310486,15.8984227180481,987
0xacb8a40073d0a7e041b29381debcafc2b538cd7c,DepositContract.RefundDeposit,0,0,0,,,,,4.26465630531311,14.8708381652832,881
0xad43e8ba48a974e6dc5a385d87fc8cd1fe94a408,Crowdsale.fallback,0,0,0,,,1,1,9.03207850456238,19.7037918567657,2966
0xaf7aea249098f2c2f50cc11d4000ccf798194373,ZTCrowdsale.fallback,0,0,0,,,1,1,9.81828093528748,20.4950890541077,2832
0xafb7ae966a9a7801beace4a7d5bbee91d860f616,Token.buyTokens,0,0,0,,,,1,21.2226486206055,31.8324573040009,6395
0xafc36ac17c5d84504064f944b27292e795d03398,IOU.withdraw,0,0,0,,,,1,9.54212379455566,20.1685268878937,3882
0xb25cef763846fe25185de5cf970fdf2ac13fc16d,Crowdsale.fallback,0,0,0,,,1,1,9.81846523284912,20.4380857944489,2823
0xb588530e3956d9787b0429244ca360f566ff3301,BaseUnilotGame.revoke,0,0,0,1,,,,5.0555694103241,15.8881304264069,986
0xb69a50f98a49f85fd2042813e1647b02dc43d71f,EbyteDistribution.fallback,0,0,0,,,,1,21.5660274028778,32.2456676959991,5782
0xc4529ea3f838a7e27a673a87bfe844a5b8b1e4e2,InterestTest.payout,0,0,0,1,,,,3.67882394790649,14.3047113418579,955
0xc543afe640c8c7521beb6549be75f77b568f4590,GET111.fallback,0,0,0,,,1,1,18.4481415748596,29.0920426845551,4061
0xc601f6938c75c4ca03eaad570701d86e607771db,Contagion.Sort,0,0,0,,,1,,6.86143946647644,17.4537074565887,2097
0xc64fd3ff188c4f1f1e34bbff54f67d8c88175696,LockingContract.releaseTokens,0,0,0,1,,,,5.74878191947937,16.6137201786041,1895
0xc67c1f88f31e724b137a057292e55cb42a5f3241,Crowdsale.fallback,0,0,0,,,1,1,9.49537658691406,20.1179134845734,2621
0xceffdb3f1aed635e94a0b565239d4353ae44c744,BancorBuyer.buy,0,0,0,,,1,,4.3015398979187,14.9040057659149,1428
0xd1265bfe57597840f89971b7e67538bac780f9ad,DesTokenSale.finishPhase,0,0,0,1,,,,2.91883254051209,13.6486232280731,1019
0xd1a3ace46c98e028229974217201433e7163c4dd,HelpMeTokenPart1.fallback,0,0,0,,,1,,5.59505772590637,16.1944422721863,1491
0xd40c2daf2b55fbf5532ddeada3febe738f431dfe,EncryptedToken.fallback,0,0,0,,,1,,4.97309160232544,15.7040045261383,1352
0xd89098a767a3fe39410d6fa7d72b6ebc5eaae247,LockingContract.releaseTokens,0,0,0,1,,,,9.67394590377808,20.3790113925934,1973
0xdb8459034fc97eed3d43172909e1d353e9f4d282,URUNCrowdsale.manualTokenTransfer,0,0,0,1,,,,3.60568833351135,14.8123590946198,1010
0xde39859237f5ff14926b194c3ef72e3213d3c665,Dex.trade,1,1,0,,,,,8.80452513694763,19.4956395626068,2623
0xde39859237f5ff14926b194c3ef72e3213d3c665,Dex.tradeRoutes,1,1,0,,,,,8.23848032951355,18.9531302452087,2783
0xdef5dce5781220efda3f5235cc6e5dd5a08e22bd,SmcdCoin.fallback,0,0,0,,,1,,4.54903292655945,15.2427878379822,1336
0xe2a88ab6dc9da8e017c0a529d731558adc4183d5,Receiver.forward,0,1,0,1,,,,9.99383854866028,20.0865867137909,2360
0xe66888a40b5e6271006e2a0de47cfc70ca0ba4fa,AirdropController.airdropManually,0,0,0,1,,,,2.86164045333862,13.4733650684357,1012
0xebbe139afc4f0706cc928311b6748701b6549a31,Contagion.Sort,0,0,0,,,1,,7.82430171966553,18.4188647270203,2614
0xec8f9a0de90487e7aa172fe5291fd19ad7163aa1,BDSMAirdrop.tokensBack,0,0,0,1,,,,2.83634185791016,13.449068069458,998
0xec94d178d97bac527fdcd4b3d4bf41b57d640c5b,Crowdsale.fallback,0,0,0,,,1,1,7.0990047454834,17.7678074836731,1864
0xecfe4b7afc47260cb590d3043d3f790a61bb7910,EbyteDistribution.fallback,0,0,0,,,,1,22.9491691589355,33.6588451862335,5828
0xf2d54d17d3dc3810a0d62042a0b381df122ed162,BeercoinICO.fallback,0,0,0,,,,1,11.9866840839386,22.6155204772949,2257
0xf796eb0a13b5a75e94f13fd14fb66b2b8007f69b,CoinByInsomniaTokenSale.buyTokens,0,0,0,,,,1,10.2627596855164,20.9971649646759,2397
0xfb0f7189b354660e649ae14261a9fe0e8febf369,CandyContract.collectBack,0,0,0,1,,,,2.50380659103394,13.1815836429596,986
0xfcc74ab9a02d55b9b1d0c378547a6bcfad7597c9,WashCrowdsale.fallback,0,0,0,,,1,1,9.50467681884766,20.1086604595184,3008
0xfcdd6d4f2cfb7cea900c4a57282cffcf3e41e068,Interestv3.payout,0,0,0,1,,,,3.34472298622131,13.9914031028748,863
0x009f3de1e8878cda9c2e94a6ce6084d9ca86425c,WalletLibrary.confirm,0,0,0,1,,,,,,
0x058a144951e062fc14f310057d2fd9ef0cf5095b,HourglassX.reinvestPartial,0,0,0,,,,,,,
0x2628e13a3cbdc52ed96b4b8d6b1041d3ef3a409e,Participant.processPayment,0,0,0,,,1,1,,,
0x4b71ad9c1a84b9b643aa54fdd66e2dec96e8b152,airPort.transfer,1,0,1,,,,,,,
0xd5967fed03e85d1cce44cab284695b41bc675b5c,demo.transfer,1,0,0,,,,,,,
0xde7c2911cac44d5949cbe80b0c7d38f7a476cbad,SimpleWallet.withdraw,0,0,1,1,,,,,,
0x000000000000541e251335090ac5b47176af4f7e,dexBlue.settleReserveReserveTrade,0,0,0,1,,,,,,
0x0000000000b3f879cb30fe243b4dfee438691c04,GasToken2.makeChild,0,0,0,,,,,,,
0x007d8eedc142d9e14ea3498471c5e884d6249a20,F10.recoverTokens,0,0,0,1,,,,,,
0x00dd5ad8f5d9c5118bceeb526c55ea6b2c07e922,Venify.claimStuckTokens,0,0,0,1,,,,,,
0x00f9e55eb4701f9354946e081970f7b14684b9fd,$CHRIST.claimStuckTokens,0,0,0,1,,,,,,
0x01490172fd413bb9b74ca73c5df1e245ef14412a,SOTL._sendETHToTreasury,0,0,0,,,,1,,,
0x01490172fd413bb9b74ca73c5df1e245ef14412a,SOTL.emergencyWithdraw,0,0,0,1,,,,,,
0x0164529a49f0cbdc6dee4aa19d014ff60e1bc1f4,JinChan.sendERC20Tokens,0,0,0,1,,,,,,
0x01d5609df23dee77fe8db8e03c66be11dca7d21b,Mittens.TeamRescueTokens,0,0,0,1,,,,,,
0x024b77a5205733bc1cf283b0442be8ecab88803a,AKIHIRO.recoverTokens,0,0,0,1,,,,,,
0x0321be5f545ea569424aace4dc08d60f467229ac,BlackErc20.deployAwardToken,0,0,0,1,,,,,,
0x0453aa2dafff030614d9afef6c724ec2bee60876,SwifyStaking.withdrawSwify,0,0,0,1,,,,,,
0x058a144951e062fc14f310057d2fd9ef0cf5095b,HourglassXReferralHandler.takeShitcoin,0,0,0,,,,,,,
0x05a2f46b2409fe46b8c1f87af2508e7aef5aa8fa,EtherGet.getTokens,0,0,0,,,,,,,
0x05b902c7fd6d221d582bb973fe6e253921568717,Flasko.removeStuckToken,0,0,0,1,,,,,,
0x06012c8cf97bead5deae237070f9587f8e7a266d,KittyCore.withdrawBalance,0,0,0,1,,,,,,
0x0654b7f747c9ee9f5fb5eba443e9fe64f1fa77ef,SAFX.transferERC,0,0,0,1,,,,,,
0x0654b7f747c9ee9f5fb5eba443e9fe64f1fa77ef,SAFX.transferETH,0,0,0,1,,,,,,
0x0719feee345bf34877d0a1f2c1c40fcdf0f1c3e8,charge.rescueTokens,0,0,0,1,,,,,,
0x072668a75ba5a0740582d44c8d55a85aadb0644a,AAI.recoverERC20Tokens,0,0,0,,,,,,,
0x0acbcc45dde258b18c11b16b06bdc64fd91913ac,TokenTimelock.release,0,0,0,,,,1,,,
0x0bbd9b0dbfd70529c81c71bc550ec6b6ceb98e61,BoltInu.manualSendToken,0,0,0,1,,,,,,
0x0bc95951bb59d6fd063ce7ad5c3b3dcaace98132,ViVICO.externalTokensRecovery,0,0,0,1,,,,,,
0x0cb0a2136f2e80662eb5c50b96bfa3de85f335ce,IGLOO.transferERC,0,0,0,1,,,,,,
0x0d1c59da19c60092cc3a56ee6750bd162582f857,CUELauncherToken.manualTokenomics,0,0,0,1,,,,,,
0x0e50763fbbd9a2474c429041b338624bb2a8b7bd,IZA.rescueBEP20Tokens,0,0,0,1,,,,,,
0x126bf7880a9597e2760380d44d147c90cd75ee39,The_Disturbance.sweepTokens,0,0,0,1,,,,,,
0x128ad1ad707c3b36e6f2ac9739f9df7516fdb592,alfav3.RescueTokens,0,0,0,1,,,,,,
0x15ada2a8e62134806a86db3030fefc0a2a13cc99,BiddingClockAuction.withdrawDklBalance,0,0,0,1,,,,,,
0x15ed8dcd6d5d7c9e66a28cb70673389a5dc4fcf5,Depot.depositSynths,0,0,0,,,,1,,,
0x15ed8dcd6d5d7c9e66a28cb70673389a5dc4fcf5,SynthetixEscrow.withdrawSynthetix,0,0,0,1,,,,,,
0x16a76a81bb2c2b16ca7b0a2ea4f093bcdf47ae7b,MultiChainCapital.sendETHToTeam,0,0,0,,,,1,,,
0x16f7767a800eabd16e334e88683d8d0489c8ddbf,M510.recoverTokens,0,0,0,1,,,,,,
0x1806b3527c18fb532c46405f6f014c1f381b499a,PlanetCryptoToken.burn,0,0,0,,,,1,,,
0x193c4c0bdf474efe82a56e530f70af58810cf74d,WINORWATCH._depositWETH,0,0,0,,,,1,,,
0x1a84f41c5a0f3ac34e0fb5fef6ff84be81242fce,DefiGold.syncPair,0,0,0,,,,1,,,
0x1a9206cd9a4c59967ca728ca96b15287b2fd4c7c,CoinFlip.withdrawToken,0,0,0,1,,,,,,
0x1c1de57cc864072f7eab381c4c06b14a6963dd4b,ERC20dex.collect_fee,0,0,0,1,,,,,,
0x1c57481dc2e2b987b2f012e9d3cc4cbbecd7c116,yTUSD.extractYELDEarningsWhileKeepingDeposit,0,0,0,,,,1,,,
0x1da73fc09ea07781482994036a0eecc7e6952dfb,TydoIco.withdrawTokens,0,0,0,,,,1,,,
0x214a8abb5fd89d3605c6cadb178f1748c36f6b8d,PAPE.withdrawStuckTokens,0,0,0,1,,,,,,
0x2229e2da4406fbe856ca9414035eb97d739808b2,Kichona.extractERC20Tokens,0,0,0,,,,,,,
0x237ebdb70cd9b35be854ce92350b6afcbb90078d,AirDropContract.transfer,0,0,0,,,,,,,
0x2463a3f13cea3ea308be5c23cc887fdf205653ea,ADAMPROJECT.clearStuckTokens,0,0,0,1,,,,,,
0x246fcdc18bf3781b4c5100b3a6decef8dbcc8a31,AIDOGEX.claimStuckTokens,0,0,0,1,,,,,,
0x25456ad3d45863cecf7039b7628eb8fc913346ad,LUNRR.claimStuckTokens,0,0,0,1,,,,,,
0x254be9060f72d70bf6e264b496b691a98733251e,B.go,0,0,0,,,1,1,,,
0x26436e73fdd02adde8ae7ab61fa660d6f7926e6f,Crowdsale.destroy,0,0,0,1,,,,,,
0x272922870b1b23db61e41f7aa2c6abf976b6a4ab,samuraiFees.withdraw,0,0,0,,,,1,,,
0x28d673424398fd5de64133d4e64487c495a724f5,Opportunity.fallback,0,0,0,,,1,,,,
0x29b6f1f4f6513a6363e32d092bf95319ec5266b9,BullDogeAIToken.claimStuckTokens,0,0,0,1,,,,,,
0x2aa216f8126190fe5610b1b6c3c4835d1b07c8c8,BoomstarterPresale.finishSale,0,0,0,1,,,,,,
0x2aeee16d8412beabc5f38a6995ee5e4d32ab7f9d,RAGE.removeERC20,0,0,0,,,1,,,,
0x2b4a6831931175b0afb39adff9c43350500bded3,EIC.importantFunction__RescueTokens,0,0,0,1,,,,,,
0x2c92744a0428e405e95dc3eb812e1b87872b22eb,LPStaking.stake,0,0,0,,1,,,,,
0x2cc995bce8644e4809f43c6e8b3cbd611bcebbb5,AIO.recoverTokens,0,0,0,1,,,,,,
0x2cc995bce8644e4809f43c6e8b3cbd611bcebbb5,AIO.unlock,0,0,0,1,,,,,,
0x2cf5694906bdd80f33bac7cb80183f1c61bc5be2,PaymentProcessor.secureTokenPay,0,0,0,,,,,,,
0x2db5a56957a3530235e52ae5eb433e6afcb44512,Router.withdrawSupportFee,0,0,0,,,1,,,,
0x2db5a56957a3530235e52ae5eb433e6afcb44512,Router.withdrawProtocolFee,0,0,0,1,,,,,,
0x2e6d72d5948c0cb0b9ac1adc2034e16d02cdabda,MILADYXP.swapBack,0,0,0,,1,,,,,
0x2fd4f0569896b4009ffad793ac6308bfd79b4c35,Cave.manualSendToken,0,0,0,1,,,,,,
0x33b44a1d150f3feaa40503ad20a75634adc39b18,TimeCapsule.withdraw,0,0,0,1,,,,,,
0x352dbba201af66f98a47f2b280bff45f9050dbf8,DrainMe.callFirstTarget,0,0,0,,,,1,,,
0x352dbba201af66f98a47f2b280bff45f9050dbf8,DrainMe.callSecondTarget,0,0,0,,,,1,,,
0x35d7bbe9012b5a93ecdc5eef53ab9d143542abc7,DoublePoggerino._rewardLiquidityProvidersETH,0,0,0,,,,1,,,
0x3775876e537df71b60061151b39bcfb638f832f5,Staking.emergencyWithdraw,0,0,0,,1,,,,,
0x3848d38145ef835b7570768dbc98a3d8ceb46cd5,DividendDistributor.rescueDividends,0,0,0,,,,1,,,
0x38ec125e6271b343d84529e9ca8c2481e3b194e5,FranceInu.sweepExternalTokens,0,0,0,1,,,,,,
0x3967f481031f78a3fcbfe5c6a1079ec9f8426432,Kongtou.transferToken,0,0,0,,,,,,,
0x39832e9b4851c76160d754267d4a169617c27d88,TheHand.withdrawToken,0,0,0,1,,,,,,
0x39c74b1996d2cdbc2c996f2bb414ce316e245417,SimplifiedDelegatedTrasfer.claimETH,0,0,0,1,,,,,,
0x39cfd754c85023648bf003bea2dd498c5612abfa,Token.WithdrawToken,0,0,0,1,,,,,,
0x4051334adc52057aca763453820cb0e045076ef3,airdrop.transfer,0,0,0,,,,,,,
0x42db5bfe8828f12f164586af8a992b3a7b038164,firstTest.withdrawal,0,0,0,,,1,1,,,
0x43212915c5c01d9ec111d0672e37cc4c4d6f023c,CallContract.callFrozen,0,0,0,1,,,,,,
0x43212915c5c01d9ec111d0672e37cc4c4d6f023c,CallContract.changeContractController,0,0,0,1,,,,,,
0x475de1f3e1ba5aeefc9fc694852c8fce59b353a1,EtherShareDonation.FreeShare,0,0,0,,,1,,,,
0x505766c3aef3ea43cf7e1bf9620e52607d45885e,AgentContracteGalaxy.returnBalanseToTarget,0,0,0,1,,,,,,
0x50f7c95b7e82ea5e0953de8c7ead20a9dd289ec2,BitProCoinX.withdraw,0,0,0,1,,,,,,
0x5171f06b66479c751c0ac6d2935d2db373ca06c4,OffChainOrFeedPriceFeed.withdrawETHAndTokens,0,0,0,1,,,,,,
0x52c2d09acf0ef12c487ae0c20a92d4f9a4abbfd1,MyNewBank.withdraw,0,0,0,1,,,,,,
0x595677bac1d68074c4f7b93bb6654156466a66b0,EtherPayment.multiTransfer,0,0,0,1,,,,,,
0x5bb52e85c21ca3df3c71da6d03be19cff89e7cf9,CreditDepositBank.close,0,0,0,1,,,,,,
0x5bb52e85c21ca3df3c71da6d03be19cff89e7cf9,CreditDepositBank.credit,0,0,0,,,1,,,,
0x5bb52e85c21ca3df3c71da6d03be19cff89e7cf9,CreditDepositBank.withdraw,0,0,0,1,,,,,,
0x5d268508179db4da44de9057792758bff280e3ed,CentraWhiteList.withdraw,0,0,0,1,,,,,,
0x5db4364cc0959c224f7898d8188413c1f560cf48,Receiver.drain,0,0,0,1,,,,,,
0x5e88d3aa9c690a519279c199cc16f37b99510e2d,OffChainOrFeedPriceFeed.withdrawETHAndTokens,0,0,0,1,,,,,,
0x5f38c57b268664015de387229bc9d3822b53ec32,CanBeV1Migrated.canBeMigrated,0,0,0,,,,1,,,
0x641074844a0dd00042347161f830346bdfe348bc,SharedBank.withdraw,0,0,0,1,,,,,,
0x64b09d1a4b01db659fc36b72de0361f2c6c521b1,EncryptedToken.getEth,0,0,0,,,1,1,,,
0x6cdccb2b249298419ab3dea261a92fbacf2223ab,BountyEscrow.payout,0,0,0,,1,,,,,
0x7a5c92aa4deff4f784a7149e26ba96e77f3f0635,Contagion.Count,0,0,0,1,,,,,,
0x7c52209718662dde9e18690e5ce435aa81502edd,BurnableOpenPayment.release,0,0,0,1,,,,,,
0x7c52209718662dde9e18690e5ce435aa81502edd,BurnableOpenPaymentFactory.newBurnableOpenPayment,0,0,0,,,,,,,
0x7d7dde4b196a237879e448fc4b69b8647c124932,Utopium.Payout,0,0,0,1,,,,,,
0x82a9187ad010f85678b6f96b3d6f3a579ab640fb,AgentContract.returnBalanseToTarget,0,0,0,1,,,,,,
0x84cd9cf60bcb44f7bab8b75e6f03614c2c3b22b7,ESmart.withdrawPrize,0,0,0,,,,1,,,
0x887e4f25db63b079dffed24283f0470b0704b8e8,TheWarBlueNation.Count,0,0,0,1,,,,,,
0x8b3d70d628ebd30d4a2ea82db95ba2e906c71633,BZxVault.withdrawEther,0,0,0,1,,,,,,
0x8fd1e427396ddb511533cf9abdbebd0a7e08da35,Token.WithdrawToken,0,0,0,1,,,,,,
0x95e7ab2a7a120ceac7bcdb945367e41ff106e3cf,Receiver.drain,0,0,0,1,,,,,,
0x99d804f479df333ed4d2287af2d4da3eda1b3cd1,EthealSplit.split,0,0,0,,,1,,,,
0x9bf7b6be208672cabbb671a3438c60c1ecb13061,AutoWallet.sweep,0,0,0,,,,1,,,
0x9d24335fd550568615bc81f8c0aa72aaa70ab93a,TheWarRedNation.Count,0,0,0,1,,,,,,
0x9d31ff892f984a83e8b342a5ece8e8911ed909e0,A_Free_Ether_A_Day.show_me_the_money,0,0,0,,,1,,,,
0x9d661f7773be14439b4223f5b516bc7ef67b0369,PayableHumanityApplicant.applyWithEtherFor,0,0,0,,,1,1,,,
0x9ecea0edc56f307cc343b2c8e3acb454d1faffda,BZxVault.withdrawEther,0,0,0,1,,,,,,
0x9ed484129f09e5a90a13f4e914a0bd6fa08ceba7,BoomerangLiquidity.donate,0,0,0,,,,1,,,
0xa43ebd8939d8328f5858119a3fb65f65c864c6dd,Sweeper_clean,0,0,0,,,,,,,
0xa46edd6a9a93feec36576ee5048146870ea2c3ae,EBU.transfer,0,0,0,,,,,,,
0xa584c5eaccb5dd4a5c0fc0a785dee952becc4c06,Crowdsale.safeWithdrawal,0,0,0,1,,,,,,
0xab32cdd8d4796f5ae968ac176b3cc54a3200c723,ICO.withdraw,0,0,0,1,,,,,,
0xad93be20a1781d9976b87c5bda2be64b2ebc132d,BlockworqCredit.withdraw,0,0,0,1,,,,,,
0xb11b2fed6c9354f7aa2f658d3b4d7b31d8a13b77,Proxy.proxy,0,0,0,,,,,,,
0xb620cee6b52f96f3c6b253e6eea556aa2d214a99,DrainMe.callFirstTarget,0,0,0,,,,1,,,
0xb620cee6b52f96f3c6b253e6eea556aa2d214a99,DrainMe.callSecondTarget,0,0,0,,,,1,,,
0xbd8dbefb4e1217e95fa37201c61daf4b57a9fe19,Airdrop.withdraw,0,0,0,1,,,,,,
0xc524079859fd32597f257c175c5f9e239c1dd2db,EncryptedToken.getEth,0,0,0,1,,,,,,
0xc601f6938c75c4ca03eaad570701d86e607771db,Contagion.Count,0,0,0,1,,,,,,
0xc80defd365fbac2dffeddfcb091b99afea6f8408,FruitFarm.getTokens,0,0,0,,,,,,,
0xd54920cedf704b87342fa26d5773efabf9037a77,CryptoStars.withdrawPartial,0,0,0,1,,,,,,
0xd5e5ab3438c14a6c823886baa24d8f41636b1d34,TokenERC20.withdraw,0,0,0,1,,,,,,
0xe2a88ab6dc9da8e017c0a529d731558adc4183d5,Receiver.drain,0,0,0,1,,,,,,
0xe2d8337423519a95eb38d6bce22ea5e8784e79d5,CentraAsiaWhiteList.withdraw,0,0,0,1,,,,,,
0xe4e28bfd45969218a2af311ee10e80846f7b2fdc,Presale.getFunds,0,0,0,1,,,,,,
0xe650a4ed8c64174201204fd4d628a98661048fc4,RobetTest.signal,0,0,0,,,1,,,,
0xe894d54dca59cb53fe9cbc5155093605c7068220,airDrop.transfer,0,0,0,,,,,,,
0xe9aec9c2a03d06243fffb907f6ce377e3c5c8936,CentraToken.withdraw,0,0,0,1,,,,,,
0xecbed48098c4f25a16195c45ddf5fd736e28b14b,UserfeedsClaimWithValueMultiSendUnsafe.send,0,0,0,,,1,,,,
0xee3dc775669d2415cad8b5b424e6c97ad60ebef5,EncryptedToken.getEth,0,0,0,,,1,,,,
0xefcc5dcaba4a93046b5f5c24c1281c685154214c,CrypteloPreSale.refund,0,0,0,,,1,,,,
0xefcc5dcaba4a93046b5f5c24c1281c685154214c,CrypteloPreSale.withdrawAllEther,0,0,0,1,,,,,,
0xf145cc0345f95d45ea5fda21ef8abd1b824cbe0d,DivisibleFirstCommonsForumToken.withdrawEther,0,0,0,1,,,,,,
0xf1add8bf553d0066be17768d6816f3730c476237,Participant.processPayment,0,0,0,,,1,1,,,
0xf2570186500a46986f3139f65afedc2afe4f445d,RealOldFuckMaker.makeOldFucks,0,0,0,,,,1,,,
0xf847b0052b9d369401b0d71465f28392ea7e3304,Pandora.payToMarketingReferral,0,0,0,,,1,,,,
0xf8a617d786dcb28f5d00f7e81b9f92b0cad617df,EFINITY.withdraw,0,0,0,1,,,,,,
0xfae0300c03a1ea898176bcb39f919c559f64f4ff,deposittest.withdraw,0,0,0,1,,,,,,