Smart Contract,Function Name,GPT label,My label,Analyze Time,Iteration Time,LLM Tokens
0x01f8c4e3fa3edeb29e514cba738d87ce8c091d3f,PERSONAL_BANK.Collect,Conclusion: This function will cause REE Problem.,1,7.47443628311157,18.1669726371765,1619.0
0x4e73b32ed6c35f570686b89848e5f39f20ecc106,PRIVATE_ETH_CELL.Collect,Conclusion: This function will cause REE Problem.,1,7.85336065292358,18.5459804534912,1604.0
0x7a8721a9d64c74da899424c1b52acbf58ddc9782,PrivateDeposit.CashOut,Conclusion: This function will cause REE Problem.,1,5.46646285057068,16.2259922027588,1544.0
0x7b368c4e805c3870b6c49a3f1f49f69af8662cf3,W_WALLET.Collect,Conclusion: This function will cause REE Problem.,1,6.47488236427307,17.2892467975616,1619.0
0x8c7777c45481dba411450c228cb692ac3d550344,ETH_VAULT.CashOut,Conclusion: This function will cause REE Problem.,1,7.72708940505981,18.4984045028687,1643.0
0x23a91059fdc9579a9fbd0edc5f2ea0bfdb70deb4,PrivateBank.CashOut,Conclusion: This function will cause REE Problem.,1,6.05323433876038,16.7645671367645,1565.0
0x93c32845fae42c83a70e5f06214c8433665c2ab5,X_WALLET.Collect,Conclusion: This function will cause REE Problem.,1,6.35829591751099,17.1189873218536,1629.0
0x96edbe868531bd23a6c05e9d0c424ea64fb1b78b,PENNY_BY_PENNY.Collect,Conclusion: This function will cause REE Problem.,1,6.20909190177918,16.9427659511566,1616.0
0x561eac93c92360949ab1f1403323e6db345cbf31,BANK_SAFE.Collect,Conclusion: This function will cause REE Problem.,1,5.88709187507629,16.6233251094818,1580.0
0x627fa62ccbb1c1b04ffaecd72a53e37fc0e17839,TokenBank.WithdrawToHolder,Conclusion: This function will not cause REE Problem.,0,4.75069737434387,15.5194087028503,1059.0
0x941d225236464a25eb18076df7da6a91d0f95e9e,ETH_FUND.CashOut,Conclusion: This function will cause REE Problem.,1,7.55162382125855,18.314923286438,1622.0
0x4320e6f8c05b27ab4707cd1f6d5ce6f3e4b3a5a1,ACCURAL_DEPOSIT.Collect,Conclusion: This function will cause REE Problem.,1,6.99564743041992,17.7159464359283,1622.0
0x7541b76cb60f4c60af330c208b0623b7f54bf615,U_BANK.Collect,Conclusion: This function will cause REE Problem.,1,6.78912377357483,17.5246369838715,1654.0
0xaae1f51cf3339f18b6d3f3bdc75a5facd744b0b8,DEP_BANK.Collect,Conclusion: This function will cause REE Problem.,1,7.14683365821838,17.8330669403076,1634.0
0xb5e1b1ee15c6fa0e48fce100125569d430f1bd12,Private_Bank.CashOut,Conclusion: This function will cause REE Problem.,1,5.80581641197205,16.5176830291748,1577.0
0xb93430ce38ac4a6bb47fb1fc085ea669353fd89e,PrivateBank.CashOut,Conclusion: This function will cause REE Problem.,1,6.16280198097229,16.834490776062,1580.0
0xbaf51e761510c1a11bf48dd87c0307ac8a8c8a4f,ETH_VAULT.CashOut,Conclusion: This function will cause REE Problem.,1,7.00273036956787,17.7326278686523,1638.0
0xbe4041d55db380c5ae9d4a9b9703f1ed4e7e3888,MONEY_BOX.Collect,Conclusion: This function will cause REE Problem.,1,5.92040419578552,16.6354541778564,1586.0
0xcead721ef5b11f1a7b530171aab69b16c5e66b6e,WALLET.Collect,Conclusion: This function will cause REE Problem.,1,8.44699120521545,19.1675972938538,1692.0
0xf015c35649c82f5467c9c74b7f28ee67665aad68,MY_BANK.Collect,Conclusion: This function will cause REE Problem.,1,6.45883131027222,17.1834797859192,1616.0
etherbank,EtherBank.withdrawBalance,Conclusion: This function will cause REE Problem.,1,7.200669765472410,19.749658346176100,1571.0
etherstore,EtherStore.withdrawFunds,Conclusion: This function will cause REE Problem.,1,6.66455864906311,17.327161073684700,1691.0
reentrance,Reentrance.withdraw,Conclusion: This function will cause REE Problem.,1,7.756665229797360,18.42996454238890,1581.0
reentrancy_dao,ReentrancyDAO.withdrawAll,Conclusion: This function will cause REE Problem.,1,6.687619924545290,17.397284269332900,1607.0
reentrancy_insecure,Reentrancy_insecure.withdrawBalance,Conclusion: This function will cause REE Problem.,1,7.055321455001830,8.587669849395750,1575.0
reentrancy_simple,Reentrance.withdrawBalance,Conclusion: This function will cause REE Problem.,1,11.55678367614750,22.22517418861390,2209.0
simple_dao,SimpleDAO.withdraw,Conclusion: This function will cause REE Problem.,1,7.534085273742680,18.39848518371580,1600.0
spank_chain_payment,LedgerChannel.LCOpenTimeout,Conclusion: This function will cause REE Problem.,1,12.331072330474900,24.234444618225100,7756.0
modifier_reentrancy,ModifierEntrancy.airDrop,Conclusion: This function will cause REE Problem.,1,19.8843035697937,30.52424144744870,5456.0
reentrancy_bonus,Reentrancy_bonus.getFirstWithdrawalBonus,Conclusion: This function will cause REE Problem.,1,12.55933403968810,23.187211990356400,4528.0
reentrancy_cross_function,Reentrancy_cross_function.withdrawBalance,Conclusion: This function will cause REE Problem.,1,6.085348844528200,16.767452001571700,1610.0